ply
format ascii 1.0
element vertex 6400
property float x
property float y
property float z
property uchar red
property uchar green
property uchar blue
end_header
-50.00 -50.00 20.18 30 230 140
-48.73 -50.00 20.28 30 230 140
-47.47 -50.00 20.71 250 40 60
-46.20 -50.00 21.40 250 40 60
-44.94 -50.00 22.19 250 40 60
-43.67 -50.00 22.88 250 40 60
-42.41 -50.00 23.28 30 230 140
-41.14 -50.00 23.33 30 230 140
-39.87 -50.00 23.04 240 190 40
-38.61 -50.00 22.56 240 190 40
-37.34 -50.00 22.07 240 190 40
-36.08 -50.00 21.73 240 190 40
-34.81 -50.00 21.63 240 190 40
-33.54 -50.00 21.73 240 190 40
-32.28 -50.00 21.90 240 190 40
-31.01 -50.00 21.97 30 230 140
-29.75 -50.00 21.81 240 190 40
-28.48 -50.00 21.38 250 40 60
-27.22 -50.00 20.75 250 40 60
-25.95 -50.00 20.08 250 40 60
-24.68 -50.00 19.58 240 190 40
-23.42 -50.00 19.40 30 230 140
-22.15 -50.00 19.59 240 190 40
-20.89 -50.00 20.11 250 40 60
-19.62 -50.00 20.79 250 40 60
-18.35 -50.00 21.44 240 190 40
-17.09 -50.00 21.88 240 190 40
-15.82 -50.00 22.05 30 230 140
-14.56 -50.00 21.98 240 190 40
-13.29 -50.00 21.81 30 230 140
-12.03 -50.00 21.69 30 230 140
-10.76 -50.00 21.78 240 190 40
-9.49 -50.00 22.09 240 190 40
-8.23 -50.00 22.56 250 40 60
-6.96 -50.00 23.02 240 190 40
-5.70 -50.00 23.29 240 190 40
-4.43 -50.00 23.24 30 230 140
-3.16 -50.00 22.82 240 190 40
-1.90 -50.00 22.13 250 40 60
-0.63 -50.00 21.33 250 40 60
0.63 -50.00 20.64 240 190 40
1.90 -50.00 20.21 30 230 140
3.16 -50.00 20.12 30 230 140
4.43 -50.00 20.29 240 190 40
5.70 -50.00 20.60 240 190 40
6.96 -50.00 20.86 30 230 140
8.23 -50.00 20.94 30 230 140
9.49 -50.00 20.81 240 190 40
10.76 -50.00 20.53 240 190 40
12.03 -50.00 20.27 240 190 40
13.29 -50.00 20.18 30 230 140
14.56 -50.00 20.40 240 190 40
15.82 -50.00 20.94 250 40 60
17.09 -50.00 21.69 250 40 60
18.35 -50.00 22.46 250 40 60
19.62 -50.00 23.06 240 190 40
20.89 -50.00 23.34 30 230 140
22.15 -50.00 23.25 30 230 140
23.42 -50.00 22.88 240 190 40
24.68 -50.00 22.37 240 190 40
25.95 -50.00 21.92 240 190 40
27.22 -50.00 21.67 240 190 40
28.48 -50.00 21.65 240 190 40
29.75 -50.00 21.79 240 190 40
31.01 -50.00 21.94 30 230 140
32.28 -50.00 21.94 30 230 140
33.54 -50.00 21.69 240 190 40
34.81 -50.00 21.17 250 40 60
36.08 -50.00 20.50 250 40 60
37.34 -50.00 19.87 250 40 60
38.61 -50.00 19.47 240 190 40
39.87 -50.00 19.42 30 230 140
41.14 -50.00 19.75 240 190 40
42.41 -50.00 20.35 250 40 60
43.67 -50.00 21.04 250 40 60
44.94 -50.00 21.63 240 190 40
46.20 -50.00 21.98 30 230 140
47.47 -50.00 22.05 30 230 140
48.73 -50.00 21.92 240 190 40
50.00 -50.00 21.75 30 230 140
-50.00 -48.73 19.94 240 190 40
-48.73 -48.73 20.26 240 190 40
-47.47 -48.73 20.89 250 40 60
-46.20 -48.73 21.72 250 40 60
-44.94 -48.73 22.53 250 40 60
-43.67 -48.73 23.13 240 190 40
-42.41 -48.73 23.39 30 230 140
-41.14 -48.73 23.29 30 230 140
-39.87 -48.73 22.92 240 190 40
-38.61 -48.73 22.46 240 190 40
-37.34 -48.73 22.09 240 190 40
-36.08 -48.73 21.91 30 230 140
-34.81 -48.73 21.94 240 190 40
-33.54 -48.73 22.09 240 190 40
-32.28 -48.73 22.19 30 230 140
-31.01 -48.73 22.09 30 230 140
-29.75 -48.73 21.71 240 190 40
-28.48 -48.73 21.08 250 40 60
-27.22 -48.73 20.34 250 40 60
-25.95 -48.73 19.68 250 40 60
-24.68 -48.73 19.29 240 190 40
-23.42 -48.73 19.28 30 230 140
-22.15 -48.73 19.64 240 190 40
-20.89 -48.73 20.26 250 40 60
-19.62 -48.73 20.93 250 40 60
-18.35 -48.73 21.48 240 190 40
-17.09 -48.73 21.78 30 230 140
-15.82 -48.73 21.83 30 230 140
-14.56 -48.73 21.73 240 190 40
-13.29 -48.73 21.63 30 230 140
-12.03 -48.73 21.69 30 230 140
-10.76 -48.73 21.98 240 190 40
-9.49 -48.73 22.47 250 40 60
-8.23 -48.73 23.01 250 40 60
-6.96 -48.73 23.43 240 190 40
-5.70 -48.73 23.55 30 230 140
-4.43 -48.73 23.30 240 190 40
-3.16 -48.73 22.70 250 40 60
-1.90 -48.73 21.90 250 40 60
-0.63 -48.73 21.11 250 40 60
0.63 -48.73 20.52 240 190 40
1.90 -48.73 20.23 30 230 140
3.16 -48.73 20.25 30 230 140
4.43 -48.73 20.45 240 190 40
5.70 -48.73 20.68 30 230 140
6.96 -48.73 20.79 30 230 140
8.23 -48.73 20.68 240 190 40
9.49 -48.73 20.41 240 190 40
10.76 -48.73 20.10 240 190 40
12.03 -48.73 19.92 240 190 40
13.29 -48.73 20.02 240 190 40
14.56 -48.73 20.46 250 40 60
15.82 -48.73 21.18 250 40 60
17.09 -48.73 22.02 250 40 60
18.35 -48.73 22.78 250 40 60
19.62 -48.73 23.27 240 190 40
20.89 -48.73 23.39 30 230 140
22.15 -48.73 23.18 240 190 40
23.42 -48.73 22.75 240 190 40
24.68 -48.73 22.31 240 190 40
25.95 -48.73 22.00 30 230 140
27.22 -48.73 21.90 30 230 140
28.48 -48.73 21.99 240 190 40
29.75 -48.73 22.14 240 190 40
31.01 -48.73 22.18 30 230 140
32.28 -48.73 21.98 240 190 40
33.54 -48.73 21.50 250 40 60
34.81 -48.73 20.81 250 40 60
36.08 -48.73 20.08 250 40 60
37.34 -48.73 19.50 240 190 40
38.61 -48.73 19.24 30 230 140
39.87 -48.73 19.37 240 190 40
41.14 -48.73 19.85 250 40 60
42.41 -48.73 20.50 250 40 60
43.67 -48.73 21.15 240 190 40
44.94 -48.73 21.62 240 190 40
46.20 -48.73 21.82 30 230 140
47.47 -48.73 21.80 240 190 40
48.73 -48.73 21.68 30 230 140
50.00 -48.73 21.63 30 230 140
-50.00 -47.47 19.85 240 190 40
-48.73 -47.47 20.37 250 40 60
-47.47 -47.47 21.15 250 40 60
-46.20 -47.47 22.02 250 40 60
-44.94 -47.47 22.76 250 40 60
-43.67 -47.47 23.22 240 190 40
-42.41 -47.47 23.31 30 230 140
-41.14 -47.47 23.09 240 190 40
-39.87 -47.47 22.71 240 190 40
-38.61 -47.47 22.34 240 190 40
-37.34 -47.47 22.12 30 230 140
-36.08 -47.47 22.12 30 230 140
-34.81 -47.47 22.26 240 190 40
-33.54 -47.47 22.40 240 190 40
-32.28 -47.47 22.39 30 230 140
-31.01 -47.47 22.11 240 190 40
-29.75 -47.47 21.53 250 40 60
-28.48 -47.47 20.77 250 40 60
-27.22 -47.47 20.00 250 40 60
-25.95 -47.47 19.42 240 190 40
-24.68 -47.47 19.19 30 230 140
-23.42 -47.47 19.36 240 190 40
-22.15 -47.47 19.84 250 40 60
-20.89 -47.47 20.47 250 40 60
-19.62 -47.47 21.06 240 190 40
-18.35 -47.47 21.45 240 190 40
-17.09 -47.47 21.59 30 230 140
-15.82 -47.47 21.55 240 190 40
-14.56 -47.47 21.46 30 230 140
-13.29 -47.47 21.49 30 230 140
-12.03 -47.47 21.74 240 190 40
-10.76 -47.47 22.21 250 40 60
-9.49 -47.47 22.82 250 40 60
-8.23 -47.47 23.37 240 190 40
-6.96 -47.47 23.68 30 230 140
-5.70 -47.47 23.62 30 230 140
-4.43 -47.47 23.18 250 40 60
-3.16 -47.47 22.46 250 40 60
-1.90 -47.47 21.65 250 40 60
-0.63 -47.47 20.95 240 190 40
0.63 -47.47 20.51 240 190 40
1.90 -47.47 20.38 30 230 140
3.16 -47.47 20.48 240 190 40
4.43 -47.47 20.67 240 190 40
5.70 -47.47 20.78 30 230 140
6.96 -47.47 20.70 30 230 140
8.23 -47.47 20.43 240 190 40
9.49 -47.47 20.06 240 190 40
10.76 -47.47 19.76 240 190 40
12.03 -47.47 19.71 30 230 140
13.29 -47.47 20.00 240 190 40
14.56 -47.47 20.63 250 40 60
15.82 -47.47 21.46 250 40 60
17.09 -47.47 22.31 250 40 60
18.35 -47.47 22.97 240 190 40
19.62 -47.47 23.29 30 230 140
20.89 -47.47 23.26 30 230 140
22.15 -47.47 22.96 240 190 40
23.42 -47.47 22.56 240 190 40
24.68 -47.47 22.24 30 230 140
25.95 -47.47 22.10 30 230 140
27.22 -47.47 22.16 240 190 40
28.48 -47.47 22.32 240 190 40
29.75 -47.47 22.43 30 230 140
31.01 -47.47 22.33 30 230 140
32.28 -47.47 21.93 240 190 40
33.54 -47.47 21.27 250 40 60
34.81 -47.47 20.48 250 40 60
36.08 -47.47 19.76 250 40 60
37.34 -47.47 19.29 240 190 40
38.61 -47.47 19.21 30 230 140
39.87 -47.47 19.51 240 190 40
41.14 -47.47 20.06 250 40 60
42.41 -47.47 20.70 250 40 60
43.67 -47.47 21.23 240 190 40
44.94 -47.47 21.53 30 230 140
46.20 -47.47 21.59 30 230 140
47.47 -47.47 21.52 240 190 40
48.73 -47.47 21.45 30 230 140
50.00 -47.47 21.55 30 230 140
-50.00 -46.20 19.93 250 40 60
-48.73 -46.20 20.59 250 40 60
-47.47 -46.20 21.44 250 40 60
-46.20 -46.20 22.26 250 40 60
-44.94 -46.20 22.86 240 190 40
-43.67 -46.20 23.13 30 230 140
-42.41 -46.20 23.07 240 190 40
-41.14 -46.20 22.78 240 190 40
-39.87 -46.20 22.44 240 190 40
-38.61 -46.20 22.21 30 230 140
-37.34 -46.20 22.18 30 230 140
-36.08 -46.20 22.33 30 230 140
-34.81 -46.20 22.53 240 190 40
-33.54 -46.20 22.64 30 230 140
-32.28 -46.20 22.49 240 190 40
-31.01 -46.20 22.03 250 40 60
-29.75 -46.20 21.31 250 40 60
-28.48 -46.20 20.49 250 40 60
-27.22 -46.20 19.78 250 40 60
-25.95 -46.20 19.35 30 230 140
-24.68 -46.20 19.31 30 230 140
-23.42 -46.20 19.62 240 190 40
-22.15 -46.20 20.16 250 40 60
-20.89 -46.20 20.73 240 190 40
-19.62 -46.20 21.16 240 190 40
-18.35 -46.20 21.37 30 230 140
-17.09 -46.20 21.36 30 230 140
-15.82 -46.20 21.26 240 190 40
-14.56 -46.20 21.23 30 230 140
-13.29 -46.20 21.40 240 190 40
-12.03 -46.20 21.82 240 190 40
-10.76 -46.20 22.44 250 40 60
-9.49 -46.20 23.09 250 40 60
-8.23 -46.20 23.57 240 190 40
-6.96 -46.20 23.73 30 230 140
-5.70 -46.20 23.49 240 190 40
-4.43 -46.20 22.92 250 40 60
-3.16 -46.20 22.16 250 40 60
-1.90 -46.20 21.42 250 40 60
-0.63 -46.20 20.88 240 190 40
0.63 -46.20 20.63 30 230 140
1.90 -46.20 20.64 240 190 40
3.16 -46.20 20.78 240 190 40
4.43 -46.20 20.90 30 230 140
5.70 -46.20 20.86 30 230 140
6.96 -46.20 20.60 240 190 40
8.23 -46.20 20.19 240 190 40
9.49 -46.20 19.79 240 190 40
10.76 -46.20 19.57 30 230 140
12.03 -46.20 19.67 240 190 40
13.29 -46.20 20.14 250 40 60
14.56 -46.20 20.89 250 40 60
15.82 -46.20 21.75 250 40 60
17.09 -46.20 22.51 250 40 60
18.35 -46.20 23.00 240 190 40
19.62 -46.20 23.14 30 230 140
20.89 -46.20 22.98 240 190 40
22.15 -46.20 22.65 240 190 40
23.42 -46.20 22.34 240 190 40
24.68 -46.20 22.17 30 230 140
25.95 -46.20 22.21 30 230 140
27.22 -46.20 22.40 240 190 40
28.48 -46.20 22.59 30 230 140
29.75 -46.20 22.62 30 230 140
31.01 -46.20 22.36 240 190 40
32.28 -46.20 21.79 250 40 60
33.54 -46.20 21.01 250 40 60
34.81 -46.20 20.21 250 40 60
36.08 -46.20 19.58 240 190 40
37.34 -46.20 19.29 30 230 140
38.61 -46.20 19.38 240 190 40
39.87 -46.20 19.80 250 40 60
41.14 -46.20 20.37 250 40 60
42.41 -46.20 20.91 240 190 40
43.67 -46.20 21.26 30 230 140
44.94 -46.20 21.38 30 230 140
46.20 -46.20 21.33 240 190 40
47.47 -46.20 21.23 30 230 140
48.73 -46.20 21.26 30 230 140
50.00 -46.20 21.53 30 230 140
-50.00 -44.94 20.16 250 40 60
-48.73 -44.94 20.91 250 40 60
-47.47 -44.94 21.73 250 40 60
-46.20 -44.94 22.42 240 190 40
-44.94 -44.94 22.82 30 230 140
-43.67 -44.94 22.89 240 190 40
-42.41 -44.94 22.69 240 190 40
-41.14 -44.94 22.39 240 190 40
-39.87 -44.94 22.15 240 190 40
-38.61 -44.94 22.09 30 230 140
-37.34 -44.94 22.24 30 230 140
-36.08 -44.94 22.51 240 190 40
-34.81 -44.94 22.73 30 230 140
-33.54 -44.94 22.75 30 230 140
-32.28 -44.94 22.46 240 190 40
-31.01 -44.94 21.86 250 40 60
-29.75 -44.94 21.07 250 40 60
-28.48 -44.94 20.28 250 40 60
-27.22 -44.94 19.71 240 190 40
-25.95 -44.94 19.47 30 230 140
-24.68 -44.94 19.61 240 190 40
-23.42 -44.94 20.02 250 40 60
-22.15 -44.94 20.54 250 40 60
-20.89 -44.94 20.98 240 190 40
-19.62 -44.94 21.22 30 230 140
-18.35 -44.94 21.24 30 230 140
-17.09 -44.94 21.11 240 190 40
-15.82 -44.94 21.00 30 230 140
-14.56 -44.94 21.05 30 230 140
-13.29 -44.94 21.37 240 190 40
-12.03 -44.94 21.94 250 40 60
-10.76 -44.94 22.63 250 40 60
-9.49 -44.94 23.24 240 190 40
-8.23 -44.94 23.59 30 230 140
-6.96 -44.94 23.58 240 190 40
-5.70 -44.94 23.19 250 40 60
-4.43 -44.94 22.54 250 40 60
-3.16 -44.94 21.83 250 40 60
-1.90 -44.94 21.24 240 190 40
-0.63 -44.94 20.91 30 230 140
0.63 -44.94 20.85 30 230 140
1.90 -44.94 20.97 240 190 40
3.16 -44.94 21.11 240 190 40
4.43 -44.94 21.12 30 230 140
5.70 -44.94 20.91 240 190 40
6.96 -44.94 20.51 240 190 40
8.23 -44.94 20.02 240 190 40
9.49 -44.94 19.65 30 230 140
10.76 -44.94 19.54 30 230 140
12.03 -44.94 19.81 240 190 40
13.29 -44.94 20.41 250 40 60
14.56 -44.94 21.21 250 40 60
15.82 -44.94 22.00 250 40 60
17.09 -44.94 22.60 240 190 40
18.35 -44.94 22.88 30 230 140
19.62 -44.94 22.84 240 190 40
20.89 -44.94 22.59 240 190 40
22.15 -44.94 22.29 240 190 40
23.42 -44.94 22.11 30 230 140
24.68 -44.94 22.13 30 230 140
25.95 -44.94 22.33 30 230 140
27.22 -44.94 22.60 240 190 40
28.48 -44.94 22.77 30 230 140
29.75 -44.94 22.68 30 230 140
31.01 -44.94 22.27 240 190 40
32.28 -44.94 21.58 250 40 60
33.54 -44.94 20.77 250 40 60
34.81 -44.94 20.04 250 40 60
36.08 -44.94 19.58 240 190 40
37.34 -44.94 19.48 240 190 40
38.61 -44.94 19.73 240 190 40
39.87 -44.94 20.21 250 40 60
41.14 -44.94 20.72 240 190 40
42.41 -44.94 21.10 240 190 40
43.67 -44.94 21.25 30 230 140
44.94 -44.94 21.20 30 230 140
46.20 -44.94 21.06 240 190 40
47.47 -44.94 20.99 30 230 140
48.73 -44.94 21.14 240 190 40
50.00 -44.94 21.56 240 190 40
-50.00 -43.67 20.51 250 40 60
-48.73 -43.67 21.26 250 40 60
-47.47 -43.67 21.97 250 40 60
-46.20 -43.67 22.45 240 190 40
-44.94 -43.67 22.62 30 230 140
-43.67 -43.67 22.51 240 190 40
-42.41 -43.67 22.23 240 190 40
-41.14 -43.67 21.97 240 190 40
-39.87 -43.67 21.88 30 230 140
-38.61 -43.67 22.00 30 230 140
-37.34 -43.67 22.30 240 190 40
-36.08 -43.67 22.63 240 190 40
-34.81 -43.67 22.82 30 230 140
-33.54 -43.67 22.73 240 190 40
-32.28 -43.67 22.30 250 40 60
-31.01 -43.67 21.62 250 40 60
-29.75 -43.67 20.85 250 40 60
-28.48 -43.67 20.18 240 190 40
-27.22 -43.67 19.80 240 190 40
-25.95 -43.67 19.78 240 190 40
-24.68 -43.67 20.07 250 40 60
-23.42 -43.67 20.52 250 40 60
-22.15 -43.67 20.95 240 190 40
-20.89 -43.67 21.21 30 230 140
-19.62 -43.67 21.24 30 230 140
-18.35 -43.67 21.08 30 230 140
-17.09 -43.67 20.88 30 230 140
-15.82 -43.67 20.80 30 230 140
-14.56 -43.67 20.96 240 190 40
-13.29 -43.67 21.41 240 190 40
-12.03 -43.67 22.06 250 40 60
-10.76 -43.67 22.74 250 40 60
-9.49 -43.67 23.24 240 190 40
-8.23 -43.67 23.42 30 230 140
-6.96 -43.67 23.23 240 190 40
-5.70 -43.67 22.73 250 40 60
-4.43 -43.67 22.09 250 40 60
-3.16 -43.67 21.51 240 190 40
-1.90 -43.67 21.14 30 230 140
-0.63 -43.67 21.03 30 230 140
0.63 -43.67 21.15 240 190 40
1.90 -43.67 21.33 240 190 40
3.16 -43.67 21.43 240 190 40
4.43 -43.67 21.31 240 190 40
5.70 -43.67 20.95 240 190 40
6.96 -43.67 20.44 240 190 40
8.23 -43.67 19.95 240 190 40
9.49 -43.67 19.66 30 230 140
10.76 -43.67 19.70 240 190 40
12.03 -43.67 20.11 250 40 60
13.29 -43.67 20.78 250 40 60
14.56 -43.67 21.54 250 40 60
15.82 -43.67 22.18 240 190 40
17.09 -43.67 22.55 30 230 140
18.35 -43.67 22.61 240 190 40
19.62 -43.67 22.42 240 190 40
20.89 -43.67 22.13 240 190 40
22.15 -43.67 21.91 240 190 40
23.42 -43.67 21.89 30 230 140
24.68 -43.67 22.09 240 190 40
25.95 -43.67 22.42 240 190 40
27.22 -43.67 22.73 30 230 140
28.48 -43.67 22.83 30 230 140
29.75 -43.67 22.61 240 190 40
31.01 -43.67 22.08 250 40 60
32.28 -43.67 21.34 250 40 60
33.54 -43.67 20.58 250 40 60
34.81 -43.67 20.01 240 190 40
36.08 -43.67 19.75 240 190 40
37.34 -43.67 19.85 240 190 40
38.61 -43.67 20.22 250 40 60
39.87 -43.67 20.69 250 40 60
41.14 -43.67 21.07 240 190 40
42.41 -43.67 21.25 30 230 140
43.67 -43.67 21.20 30 230 140
44.94 -43.67 21.00 30 230 140
46.20 -43.67 20.83 30 230 140
47.47 -43.67 20.82 30 230 140
48.73 -43.67 21.10 240 190 40
50.00 -43.67 21.63 240 190 40
-50.00 -42.41 20.95 250 40 60
-48.73 -42.41 21.62 250 40 60
-47.47 -42.41 22.13 240 190 40
-46.20 -42.41 22.37 30 230 140
-44.94 -42.41 22.31 240 190 40
-43.67 -42.41 22.04 240 190 40
-42.41 -42.41 21.74 240 190 40
-41.14 -42.41 21.57 240 190 40
-39.87 -42.41 21.63 240 190 40
-38.61 -42.41 21.92 240 190 40
-37.34 -42.41 22.32 240 190 40
-36.08 -42.41 22.66 30 230 140
-34.81 -42.41 22.78 30 230 140
-33.54 -42.41 22.56 240 190 40
-32.28 -42.41 22.05 250 40 60
-31.01 -42.41 21.36 250 40 60
-29.75 -42.41 20.68 240 190 40
-28.48 -42.41 20.21 240 190 40
-27.22 -42.41 20.07 240 190 40
-25.95 -42.41 20.25 250 40 60
-24.68 -42.41 20.63 250 40 60
-23.42 -42.41 21.06 250 40 60
-22.15 -42.41 21.34 240 190 40
-20.89 -42.41 21.40 30 230 140
-19.62 -42.41 21.22 30 230 140
-18.35 -42.41 20.93 240 190 40
-17.09 -42.41 20.70 30 230 140
-15.82 -42.41 20.69 30 230 140
-14.56 -42.41 20.97 240 190 40
-13.29 -42.41 21.50 250 40 60
-12.03 -42.41 22.16 250 40 60
-10.76 -42.41 22.75 240 190 40
-9.49 -42.41 23.08 240 190 40
-8.23 -42.41 23.07 240 190 40
-6.96 -42.41 22.72 250 40 60
-5.70 -42.41 22.18 250 40 60
-4.43 -42.41 21.63 250 40 60
-3.16 -42.41 21.24 240 190 40
-1.90 -42.41 21.11 30 230 140
-0.63 -42.41 21.23 240 190 40
0.63 -42.41 21.48 240 190 40
1.90 -42.41 21.68 240 190 40
3.16 -42.41 21.69 30 230 140
4.43 -42.41 21.45 240 190 40
5.70 -42.41 20.98 240 190 40
6.96 -42.41 20.43 240 190 40
8.23 -42.41 20.00 240 190 40
9.49 -42.41 19.84 30 230 140
10.76 -42.41 20.03 240 190 40
12.03 -42.41 20.54 250 40 60
13.29 -42.41 21.20 250 40 60
14.56 -42.41 21.83 250 40 60
15.82 -42.41 22.25 240 190 40
17.09 -42.41 22.38 30 230 140
18.35 -42.41 22.22 240 190 40
19.62 -42.41 21.93 240 190 40
20.89 -42.41 21.66 240 190 40
22.15 -42.41 21.56 240 190 40
23.42 -42.41 21.72 240 190 40
24.68 -42.41 22.06 240 190 40
25.95 -42.41 22.46 240 190 40
27.22 -42.41 22.74 30 230 140
28.48 -42.41 22.74 30 230 140
29.75 -42.41 22.41 240 190 40
31.01 -42.41 21.81 250 40 60
32.28 -42.41 21.10 250 40 60
33.54 -42.41 20.48 240 190 40
34.81 -42.41 20.12 240 190 40
36.08 -42.41 20.10 240 190 40
37.34 -42.41 20.37 250 40 60
38.61 -42.41 20.79 250 40 60
39.87 -42.41 21.18 240 190 40
41.14 -42.41 21.39 240 190 40
42.41 -42.41 21.36 30 230 140
43.67 -42.41 21.12 240 190 40
44.94 -42.41 20.84 240 190 40
46.20 -42.41 20.67 30 230 140
47.47 -42.41 20.75 30 230 140
48.73 -42.41 21.14 240 190 40
50.00 -42.41 21.74 250 40 60
-50.00 -41.14 21.43 250 40 60
-48.73 -41.14 21.93 240 190 40
-47.47 -41.14 22.20 30 230 140
-46.20 -41.14 22.17 240 190 40
-44.94 -41.14 21.90 240 190 40
-43.67 -41.14 21.54 250 40 60
-42.41 -41.14 21.27 240 190 40
-41.14 -41.14 21.22 240 190 40
-39.87 -41.14 21.44 240 190 40
-38.61 -41.14 21.85 240 190 40
-37.34 -41.14 22.29 240 190 40
-36.08 -41.14 22.58 30 230 140
-34.81 -41.14 22.59 240 190 40
-33.54 -41.14 22.27 240 190 40
-32.28 -41.14 21.72 250 40 60
-31.01 -41.14 21.10 250 40 60
-29.75 -41.14 20.61 240 190 40
-28.48 -41.14 20.38 30 230 140
-27.22 -41.14 20.48 240 190 40
-25.95 -41.14 20.82 250 40 60
-24.68 -41.14 21.25 250 40 60
-23.42 -41.14 21.58 240 190 40
-22.15 -41.14 21.69 240 190 40
-20.89 -41.14 21.53 240 190 40
-19.62 -41.14 21.19 240 190 40
-18.35 -41.14 20.83 240 190 40
-17.09 -41.14 20.62 30 230 140
-15.82 -41.14 20.69 30 230 140
-14.56 -41.14 21.05 240 190 40
-13.29 -41.14 21.62 250 40 60
-12.03 -41.14 22.21 240 190 40
-10.76 -41.14 22.64 240 190 40
-9.49 -41.14 22.76 240 190 40
-8.23 -41.14 22.56 250 40 60
-6.96 -41.14 22.11 250 40 60
-5.70 -41.14 21.60 250 40 60
-4.43 -41.14 21.20 240 190 40
-3.16 -41.14 21.05 30 230 140
-1.90 -41.14 21.17 30 230 140
-0.63 -41.14 21.47 240 190 40
0.63 -41.14 21.80 240 190 40
1.90 -41.14 21.98 30 230 140
3.16 -41.14 21.89 240 190 40
4.43 -41.14 21.53 240 190 40
5.70 -41.14 21.01 240 190 40
6.96 -41.14 20.50 240 190 40
8.23 -41.14 20.19 240 190 40
9.49 -41.14 20.19 240 190 40
10.76 -41.14 20.51 250 40 60
12.03 -41.14 21.05 250 40 60
13.29 -41.14 21.63 250 40 60
14.56 -41.14 22.06 240 190 40
15.82 -41.14 22.22 30 230 140
17.09 -41.14 22.09 240 190 40
18.35 -41.14 21.77 240 190 40
19.62 -41.14 21.42 240 190 40
20.89 -41.14 21.22 240 190 40
22.15 -41.14 21.27 240 190 40
23.42 -41.14 21.57 240 190 40
24.68 -41.14 22.01 240 190 40
25.95 -41.14 22.42 240 190 40
27.22 -41.14 22.62 30 230 140
28.48 -41.14 22.51 240 190 40
29.75 -41.14 22.09 250 40 60
31.01 -41.14 21.49 250 40 60
32.28 -41.14 20.90 240 190 40
33.54 -41.14 20.49 30 230 140
34.81 -41.14 20.38 240 190 40
36.08 -41.14 20.58 250 40 60
37.34 -41.14 20.98 250 40 60
38.61 -41.14 21.39 250 40 60
39.87 -41.14 21.65 240 190 40
41.14 -41.14 21.66 30 230 140
42.41 -41.14 21.42 240 190 40
43.67 -41.14 21.05 240 190 40
44.94 -41.14 20.73 30 230 140
46.20 -41.14 20.61 30 230 140
47.47 -41.14 20.79 240 190 40
48.73 -41.14 21.24 240 190 40
50.00 -41.14 21.84 250 40 60
-50.00 -39.87 21.88 240 190 40
-48.73 -39.87 22.16 30 230 140
-47.47 -39.87 22.15 30 230 140
-46.20 -39.87 21.87 240 190 40
-44.94 -39.87 21.45 250 40 60
-43.67 -39.87 21.05 240 190 40
-42.41 -39.87 20.85 240 190 40
-41.14 -39.87 20.94 240 190 40
-39.87 -39.87 21.29 240 190 40
-38.61 -39.87 21.76 240 190 40
-37.34 -39.87 22.18 240 190 40
-36.08 -39.87 22.38 240 190 40
-34.81 -39.87 22.27 240 190 40
-33.54 -39.87 21.88 250 40 60
-32.28 -39.87 21.36 250 40 60
-31.01 -39.87 20.89 240 190 40
-29.75 -39.87 20.64 30 230 140
-28.48 -39.87 20.68 240 190 40
-27.22 -39.87 21.00 250 40 60
-25.95 -39.87 21.45 250 40 60
-24.68 -39.87 21.85 250 40 60
-23.42 -39.87 22.05 240 190 40
-22.15 -39.87 21.95 240 190 40
-20.89 -39.87 21.61 240 190 40
-19.62 -39.87 21.16 240 190 40
-18.35 -39.87 20.79 30 230 140
-17.09 -39.87 20.64 30 230 140
-15.82 -39.87 20.80 240 190 40
-14.56 -39.87 21.21 240 190 40
-13.29 -39.87 21.74 240 190 40
-12.03 -39.87 22.19 240 190 40
-10.76 -39.87 22.40 240 190 40
-9.49 -39.87 22.30 240 190 40
-8.23 -39.87 21.94 250 40 60
-6.96 -39.87 21.46 250 40 60
-5.70 -39.87 21.05 250 40 60
-4.43 -39.87 20.86 240 190 40
-3.16 -39.87 20.95 30 230 140
-1.90 -39.87 21.29 240 190 40
-0.63 -39.87 21.73 240 190 40
0.63 -39.87 22.08 240 190 40
1.90 -39.87 22.19 30 230 140
3.16 -39.87 22.01 240 190 40
4.43 -39.87 21.58 240 190 40
5.70 -39.87 21.08 240 190 40
6.96 -39.87 20.67 240 190 40
8.23 -39.87 20.52 240 190 40
9.49 -39.87 20.68 250 40 60
10.76 -39.87 21.09 250 40 60
12.03 -39.87 21.60 250 40 60
13.29 -39.87 22.02 240 190 40
14.56 -39.87 22.20 30 230 140
15.82 -39.87 22.08 240 190 40
17.09 -39.87 21.73 240 190 40
18.35 -39.87 21.29 250 40 60
19.62 -39.87 20.95 240 190 40
20.89 -39.87 20.85 240 190 40
22.15 -39.87 21.04 240 190 40
23.42 -39.87 21.46 240 190 40
24.68 -39.87 21.93 240 190 40
25.95 -39.87 22.28 240 190 40
27.22 -39.87 22.37 240 190 40
28.48 -39.87 22.15 240 190 40
29.75 -39.87 21.70 250 40 60
31.01 -39.87 21.18 240 190 40
32.28 -39.87 20.77 240 190 40
33.54 -39.87 20.62 30 230 140
34.81 -39.87 20.77 240 190 40
36.08 -39.87 21.16 250 40 60
37.34 -39.87 21.61 250 40 60
38.61 -39.87 21.95 240 190 40
39.87 -39.87 22.05 240 190 40
41.14 -39.87 21.85 240 190 40
42.41 -39.87 21.46 240 190 40
43.67 -39.87 21.01 240 190 40
44.94 -39.87 20.70 30 230 140
46.20 -39.87 20.67 30 230 140
47.47 -39.87 20.93 240 190 40
48.73 -39.87 21.40 240 190 40
50.00 -39.87 21.92 240 190 40
-50.00 -38.61 22.27 240 190 40
-48.73 -38.61 22.29 30 230 140
-47.47 -38.61 22.01 240 190 40
-46.20 -38.61 21.52 250 40 60
-44.94 -38.61 21.00 250 40 60
-43.67 -38.61 20.63 240 190 40
-42.41 -38.61 20.54 30 230 140
-41.14 -38.61 20.76 240 190 40
-39.87 -38.61 21.18 240 190 40
-38.61 -38.61 21.65 240 190 40
-37.34 -38.61 21.98 240 190 40
-36.08 -38.61 22.05 240 190 40
-34.81 -38.61 21.84 240 190 40
-33.54 -38.61 21.44 250 40 60
-32.28 -38.61 21.02 240 190 40
-31.01 -38.61 20.76 30 230 140
-29.75 -38.61 20.78 30 230 140
-28.48 -38.61 21.09 250 40 60
-27.22 -38.61 21.57 250 40 60
-25.95 -38.61 22.07 250 40 60
-24.68 -38.61 22.39 240 190 40
-23.42 -38.61 22.41 240 190 40
-22.15 -38.61 22.14 240 190 40
-20.89 -38.61 21.67 240 190 40
-19.62 -38.61 21.17 240 190 40
-18.35 -38.61 20.84 30 230 140
-17.09 -38.61 20.78 30 230 140
-15.82 -38.61 21.01 240 190 40
-14.56 -38.61 21.42 240 190 40
-13.29 -38.61 21.83 240 190 40
-12.03 -38.61 22.08 30 230 140
-10.76 -38.61 22.05 240 190 40
-9.49 -38.61 21.75 250 40 60
-8.23 -38.61 21.28 250 40 60
-6.96 -38.61 20.84 250 40 60
-5.70 -38.61 20.58 240 190 40
-4.43 -38.61 20.63 30 230 140
-3.16 -38.61 20.96 240 190 40
-1.90 -38.61 21.47 240 190 40
-0.63 -38.61 21.98 240 190 40
0.63 -38.61 22.29 30 230 140
1.90 -38.61 22.32 30 230 140
3.16 -38.61 22.06 240 190 40
4.43 -38.61 21.63 240 190 40
5.70 -38.61 21.20 240 190 40
6.96 -38.61 20.95 240 190 40
8.23 -38.61 20.98 240 190 40
9.49 -38.61 21.28 250 40 60
10.76 -38.61 21.72 250 40 60
12.03 -38.61 22.12 240 190 40
13.29 -38.61 22.32 30 230 140
14.56 -38.61 22.23 30 230 140
15.82 -38.61 21.85 240 190 40
17.09 -38.61 21.33 250 40 60
18.35 -38.61 20.84 240 190 40
19.62 -38.61 20.56 240 190 40
20.89 -38.61 20.59 240 190 40
22.15 -38.61 20.89 240 190 40
23.42 -38.61 21.36 240 190 40
24.68 -38.61 21.80 240 190 40
25.95 -38.61 22.04 240 190 40
27.22 -38.61 22.01 240 190 40
28.48 -38.61 21.71 250 40 60
29.75 -38.61 21.28 240 190 40
31.01 -38.61 20.90 240 190 40
32.28 -38.61 20.74 30 230 140
33.54 -38.61 20.86 240 190 40
34.81 -38.61 21.25 250 40 60
36.08 -38.61 21.76 250 40 60
37.34 -38.61 22.21 250 40 60
38.61 -38.61 22.43 240 190 40
39.87 -38.61 22.34 240 190 40
41.14 -38.61 21.98 240 190 40
42.41 -38.61 21.48 240 190 40
43.67 -38.61 21.02 240 190 40
44.94 -38.61 20.78 30 230 140
46.20 -38.61 20.83 240 190 40
47.47 -38.61 21.14 240 190 40
48.73 -38.61 21.57 240 190 40
50.00 -38.61 21.93 240 190 40
-50.00 -37.34 22.55 240 190 40
-48.73 -37.34 22.30 240 190 40
-47.47 -37.34 21.79 250 40 60
-46.20 -37.34 21.16 250 40 60
-44.94 -37.34 20.62 240 190 40
-43.67 -37.34 20.32 240 190 40
-42.41 -37.34 20.35 30 230 140
-41.14 -37.34 20.65 240 190 40
-39.87 -37.34 21.10 240 190 40
-38.61 -37.34 21.50 240 190 40
-37.34 -37.34 21.70 240 190 40
-36.08 -37.34 21.63 240 190 40
-34.81 -37.34 21.35 250 40 60
-33.54 -37.34 21.00 240 190 40
-32.28 -37.34 20.74 30 230 140
-31.01 -37.34 20.74 30 230 140
-29.75 -37.34 21.03 240 190 40
-28.48 -37.34 21.55 250 40 60
-27.22 -37.34 22.14 250 40 60
-25.95 -37.34 22.61 250 40 60
-24.68 -37.34 22.80 240 190 40
-23.42 -37.34 22.66 240 190 40
-22.15 -37.34 22.24 240 190 40
-20.89 -37.34 21.70 240 190 40
-19.62 -37.34 21.24 240 190 40
-18.35 -37.34 20.99 30 230 140
-17.09 -37.34 21.03 240 190 40
-15.82 -37.34 21.29 240 190 40
-14.56 -37.34 21.63 240 190 40
-13.29 -37.34 21.87 30 230 140
-12.03 -37.34 21.88 30 230 140
-10.76 -37.34 21.62 240 190 40
-9.49 -37.34 21.16 250 40 60
-8.23 -37.34 20.67 250 40 60
-6.96 -37.34 20.32 240 190 40
-5.70 -37.34 20.27 30 230 140
-4.43 -37.34 20.55 240 190 40
-3.16 -37.34 21.08 250 40 60
-1.90 -37.34 21.69 250 40 60
-0.63 -37.34 22.20 240 190 40
0.63 -37.34 22.44 30 230 140
1.90 -37.34 22.38 30 230 140
3.16 -37.34 22.08 240 190 40
4.43 -37.34 21.70 240 190 40
5.70 -37.34 21.42 240 190 40
6.96 -37.34 21.36 240 190 40
8.23 -37.34 21.56 250 40 60
9.49 -37.34 21.95 250 40 60
10.76 -37.34 22.34 250 40 60
12.03 -37.34 22.58 240 190 40
13.29 -37.34 22.53 30 230 140
14.56 -37.34 22.16 240 190 40
15.82 -37.34 21.58 250 40 60
17.09 -37.34 20.96 250 40 60
18.35 -37.34 20.48 240 190 40
19.62 -37.34 20.30 30 230 140
20.89 -37.34 20.43 240 190 40
22.15 -37.34 20.81 240 190 40
23.42 -37.34 21.26 240 190 40
24.68 -37.34 21.60 240 190 40
25.95 -37.34 21.70 240 190 40
27.22 -37.34 21.55 240 190 40
28.48 -37.34 21.22 250 40 60
29.75 -37.34 20.88 240 190 40
31.01 -37.34 20.71 30 230 140
32.28 -37.34 20.81 240 190 40
33.54 -37.34 21.20 250 40 60
34.81 -37.34 21.77 250 40 60
36.08 -37.34 22.34 250 40 60
37.34 -37.34 22.72 240 190 40
38.61 -37.34 22.79 240 190 40
39.87 -37.34 22.53 240 190 40
41.14 -37.34 22.05 240 190 40
42.41 -37.34 21.51 240 190 40
43.67 -37.34 21.11 240 190 40
44.94 -37.34 20.97 30 230 140
46.20 -37.34 21.09 240 190 40
47.47 -37.34 21.40 240 190 40
48.73 -37.34 21.72 240 190 40
50.00 -37.34 21.88 30 230 140
-50.00 -36.08 22.70 240 190 40
-48.73 -36.08 22.21 250 40 60
-47.47 -36.08 21.53 250 40 60
-46.20 -36.08 20.84 250 40 60
-44.94 -36.08 20.34 240 190 40
-43.67 -36.08 20.15 30 230 140
-42.41 -36.08 20.28 30 230 140
-41.14 -36.08 20.62 240 190 40
-39.87 -36.08 21.02 240 190 40
-38.61 -36.08 21.29 240 190 40
-37.34 -36.08 21.34 240 190 40
-36.08 -36.08 21.15 240 190 40
-34.81 -36.08 20.85 240 190 40
-33.54 -36.08 20.60 240 190 40
-32.28 -36.08 20.56 30 230 140
-31.01 -36.08 20.82 240 190 40
-29.75 -36.08 21.35 250 40 60
-28.48 -36.08 22.03 250 40 60
-27.22 -36.08 22.65 250 40 60
-25.95 -36.08 23.03 240 190 40
-24.68 -36.08 23.08 30 230 140
-23.42 -36.08 22.78 240 190 40
-22.15 -36.08 22.28 240 190 40
-20.89 -36.08 21.75 240 190 40
-19.62 -36.08 21.37 240 190 40
-18.35 -36.08 21.24 240 190 40
-17.09 -36.08 21.36 240 190 40
-15.82 -36.08 21.61 240 190 40
-14.56 -36.08 21.83 30 230 140
-13.29 -36.08 21.86 30 230 140
-12.03 -36.08 21.63 240 190 40
-10.76 -36.08 21.17 250 40 60
-9.49 -36.08 20.63 250 40 60
-8.23 -36.08 20.18 240 190 40
-6.96 -36.08 19.99 30 230 140
-5.70 -36.08 20.16 240 190 40
-4.43 -36.08 20.65 250 40 60
-3.16 -36.08 21.31 250 40 60
-1.90 -36.08 21.96 250 40 60
-0.63 -36.08 22.40 240 190 40
0.63 -36.08 22.55 30 230 140
1.90 -36.08 22.42 30 230 140
3.16 -36.08 22.14 240 190 40
4.43 -36.08 21.86 240 190 40
5.70 -36.08 21.76 240 190 40
6.96 -36.08 21.90 250 40 60
8.23 -36.08 22.23 250 40 60
9.49 -36.08 22.64 250 40 60
10.76 -36.08 22.92 240 190 40
12.03 -36.08 22.94 240 190 40
13.29 -36.08 22.62 240 190 40
14.56 -36.08 22.03 250 40 60
15.82 -36.08 21.30 250 40 60
17.09 -36.08 20.65 250 40 60
18.35 -36.08 20.24 240 190 40
19.62 -36.08 20.17 30 230 140
20.89 -36.08 20.39 240 190 40
22.15 -36.08 20.78 240 190 40
23.42 -36.08 21.14 240 190 40
24.68 -36.08 21.34 240 190 40
25.95 -36.08 21.29 240 190 40
27.22 -36.08 21.05 240 190 40
28.48 -36.08 20.74 240 190 40
29.75 -36.08 20.55 240 190 40
31.01 -36.08 20.62 30 230 140
32.28 -36.08 20.99 240 190 40
33.54 -36.08 21.59 250 40 60
34.81 -36.08 22.27 250 40 60
36.08 -36.08 22.82 250 40 60
37.34 -36.08 23.09 240 190 40
38.61 -36.08 23.00 240 190 40
39.87 -36.08 22.62 240 190 40
41.14 -36.08 22.08 240 190 40
42.41 -36.08 21.58 240 190 40
43.67 -36.08 21.28 30 230 140
44.94 -36.08 21.24 240 190 40
46.20 -36.08 21.41 240 190 40
47.47 -36.08 21.66 240 190 40
48.73 -36.08 21.81 30 230 140
50.00 -36.08 21.74 30 230 140
-50.00 -34.81 22.72 250 40 60
-48.73 -34.81 22.04 250 40 60
-47.47 -34.81 21.26 250 40 60
-46.20 -34.81 20.59 240 190 40
-44.94 -34.81 20.18 30 230 140
-43.67 -34.81 20.11 30 230 140
-42.41 -34.81 20.31 240 190 40
-41.14 -34.81 20.65 240 190 40
-39.87 -34.81 20.94 30 230 140
-38.61 -34.81 21.04 240 190 40
-37.34 -34.81 20.92 240 190 40
-36.08 -34.81 20.66 240 190 40
-34.81 -34.81 20.39 240 190 40
-33.54 -34.81 20.29 30 230 140
-32.28 -34.81 20.49 240 190 40
-31.01 -34.81 21.00 250 40 60
-29.75 -34.81 21.72 250 40 60
-28.48 -34.81 22.47 250 40 60
-27.22 -34.81 23.04 240 190 40
-25.95 -34.81 23.30 30 230 140
-24.68 -34.81 23.19 30 230 140
-23.42 -34.81 22.79 240 190 40
-22.15 -34.81 22.28 240 190 40
-20.89 -34.81 21.82 240 190 40
-19.62 -34.81 21.57 240 190 40
-18.35 -34.81 21.57 240 190 40
-17.09 -34.81 21.74 240 190 40
-15.82 -34.81 21.94 240 190 40
-14.56 -34.81 22.00 30 230 140
-13.29 -34.81 21.81 240 190 40
-12.03 -34.81 21.37 240 190 40
-10.76 -34.81 20.79 250 40 60
-9.49 -34.81 20.23 240 190 40
-8.23 -34.81 19.91 30 230 140
-6.96 -34.81 19.93 30 230 140
-5.70 -34.81 20.31 250 40 60
-4.43 -34.81 20.96 250 40 60
-3.16 -34.81 21.68 250 40 60
-1.90 -34.81 22.29 250 40 60
-0.63 -34.81 22.64 240 190 40
0.63 -34.81 22.69 30 230 140
1.90 -34.81 22.52 30 230 140
3.16 -34.81 22.30 240 190 40
4.43 -34.81 22.17 240 190 40
5.70 -34.81 22.26 250 40 60
6.96 -34.81 22.56 250 40 60
8.23 -34.81 22.97 250 40 60
9.49 -34.81 23.32 250 40 60
10.76 -34.81 23.43 240 190 40
12.03 -34.81 23.20 240 190 40
13.29 -34.81 22.64 250 40 60
14.56 -34.81 21.86 250 40 60
15.82 -34.81 21.07 250 40 60
17.09 -34.81 20.46 240 190 40
18.35 -34.81 20.15 30 230 140
19.62 -34.81 20.18 30 230 140
20.89 -34.81 20.44 240 190 40
22.15 -34.81 20.77 240 190 40
23.42 -34.81 21.00 30 230 140
24.68 -34.81 21.02 240 190 40
25.95 -34.81 20.84 240 190 40
27.22 -34.81 20.55 240 190 40
28.48 -34.81 20.33 240 190 40
29.75 -34.81 20.33 30 230 140
31.01 -34.81 20.64 240 190 40
32.28 -34.81 21.24 250 40 60
33.54 -34.81 22.00 250 40 60
34.81 -34.81 22.70 250 40 60
36.08 -34.81 23.18 240 190 40
37.34 -34.81 23.30 30 230 140
38.61 -34.81 23.07 240 190 40
39.87 -34.81 22.61 240 190 40
41.14 -34.81 22.09 240 190 40
42.41 -34.81 21.69 240 190 40
43.67 -34.81 21.52 240 190 40
44.94 -34.81 21.58 240 190 40
46.20 -34.81 21.76 240 190 40
47.47 -34.81 21.89 30 230 140
48.73 -34.81 21.84 30 230 140
50.00 -34.81 21.52 240 190 40
-50.00 -33.54 22.60 250 40 60
-48.73 -33.54 21.81 250 40 60
-47.47 -33.54 21.03 250 40 60
-46.20 -33.54 20.45 240 190 40
-44.94 -33.54 20.17 30 230 140
-43.67 -33.54 20.21 30 230 140
-42.41 -33.54 20.44 240 190 40
-41.14 -33.54 20.70 30 230 140
-39.87 -33.54 20.83 30 230 140
-38.61 -33.54 20.76 240 190 40
-37.34 -33.54 20.50 240 190 40
-36.08 -33.54 20.20 240 190 40
-34.81 -33.54 20.02 240 190 40
-33.54 -33.54 20.12 240 190 40
-32.28 -33.54 20.54 240 190 40
-31.01 -33.54 21.25 250 40 60
-29.75 -33.54 22.08 250 40 60
-28.48 -33.54 22.81 250 40 60
-27.22 -33.54 23.28 240 190 40
-25.95 -33.54 23.39 30 230 140
-24.68 -33.54 23.15 240 190 40
-23.42 -33.54 22.71 240 190 40
-22.15 -33.54 22.25 240 190 40
-20.89 -33.54 21.94 30 230 140
-19.62 -33.54 21.85 240 190 40
-18.35 -33.54 21.96 240 190 40
-17.09 -33.54 22.15 240 190 40
-15.82 -33.54 22.25 240 190 40
-14.56 -33.54 22.13 240 190 40
-13.29 -33.54 21.75 240 190 40
-12.03 -33.54 21.17 250 40 60
-10.76 -33.54 20.55 240 190 40
-9.49 -33.54 20.09 240 190 40
-8.23 -33.54 19.95 30 230 140
-6.96 -33.54 20.19 250 40 60
-5.70 -33.54 20.77 250 40 60
-4.43 -33.54 21.51 250 40 60
-3.16 -33.54 22.23 250 40 60
-1.90 -33.54 22.74 250 40 60
-0.63 -33.54 22.96 240 190 40
0.63 -33.54 22.93 240 190 40
1.90 -33.54 22.77 240 190 40
3.16 -33.54 22.65 240 190 40
4.43 -33.54 22.70 250 40 60
5.70 -33.54 22.96 250 40 60
6.96 -33.54 23.37 250 40 60
8.23 -33.54 23.78 250 40 60
9.49 -33.54 23.99 250 40 60
10.76 -33.54 23.88 240 190 40
12.03 -33.54 23.39 250 40 60
13.29 -33.54 22.62 250 40 60
14.56 -33.54 21.74 250 40 60
15.82 -33.54 20.95 250 40 60
17.09 -33.54 20.42 240 190 40
18.35 -33.54 20.23 30 230 140
19.62 -33.54 20.33 240 190 40
20.89 -33.54 20.57 240 190 40
22.15 -33.54 20.79 30 230 140
23.42 -33.54 20.84 30 230 140
24.68 -33.54 20.68 240 190 40
25.95 -33.54 20.39 240 190 40
27.22 -33.54 20.11 240 190 40
28.48 -33.54 20.02 30 230 140
29.75 -33.54 20.23 240 190 40
31.01 -33.54 20.78 250 40 60
32.28 -33.54 21.55 250 40 60
33.54 -33.54 22.36 250 40 60
34.81 -33.54 23.02 240 190 40
36.08 -33.54 23.36 30 230 140
37.34 -33.54 23.33 30 230 140
38.61 -33.54 23.00 240 190 40
39.87 -33.54 22.53 240 190 40
41.14 -33.54 22.09 240 190 40
42.41 -33.54 21.84 30 230 140
43.67 -33.54 21.81 240 190 40
44.94 -33.54 21.94 240 190 40
46.20 -33.54 22.07 240 190 40
47.47 -33.54 22.06 30 230 140
48.73 -33.54 21.78 240 190 40
50.00 -33.54 21.24 250 40 60
-50.00 -32.28 22.39 250 40 60
-48.73 -32.28 21.57 250 40 60
-47.47 -32.28 20.87 240 190 40
-46.20 -32.28 20.43 240 190 40
-44.94 -32.28 20.30 30 230 140
-43.67 -32.28 20.41 240 190 40
-42.41 -32.28 20.62 30 230 140
-41.14 -32.28 20.76 30 230 140
-39.87 -32.28 20.71 30 230 140
-38.61 -32.28 20.46 240 190 40
-37.34 -32.28 20.12 240 190 40
-36.08 -32.28 19.84 240 190 40
-34.81 -32.28 19.79 30 230 140
-33.54 -32.28 20.09 240 190 40
-32.28 -32.28 20.71 250 40 60
-31.01 -32.28 21.54 250 40 60
-29.75 -32.28 22.38 250 40 60
-28.48 -32.28 23.03 240 190 40
-27.22 -32.28 23.35 30 230 140
-25.95 -32.28 23.30 30 230 140
-24.68 -32.28 22.99 240 190 40
-23.42 -32.28 22.57 240 190 40
-22.15 -32.28 22.24 30 230 140
-20.89 -32.28 22.10 30 230 140
-19.62 -32.28 22.18 240 190 40
-18.35 -32.28 22.38 240 190 40
-17.09 -32.28 22.56 240 190 40
-15.82 -32.28 22.55 240 190 40
-14.56 -32.28 22.27 240 190 40
-13.29 -32.28 21.75 240 190 40
-12.03 -32.28 21.12 250 40 60
-10.76 -32.28 20.57 240 190 40
-9.49 -32.28 20.29 240 190 40
-8.23 -32.28 20.38 250 40 60
-6.96 -32.28 20.85 250 40 60
-5.70 -32.28 21.57 250 40 60
-4.43 -32.28 22.35 250 40 60
-3.16 -32.28 22.99 250 40 60
-1.90 -32.28 23.37 250 40 60
-0.63 -32.28 23.48 250 40 60
0.63 -32.28 23.40 250 40 60
1.90 -32.28 23.29 250 40 60
3.16 -32.28 23.30 250 40 60
4.43 -32.28 23.51 250 40 60
5.70 -32.28 23.90 250 40 60
6.96 -32.28 24.34 250 40 60
8.23 -32.28 24.65 250 40 60
9.49 -32.28 24.66 250 40 60
10.76 -32.28 24.29 250 40 60
12.03 -32.28 23.56 250 40 60
13.29 -32.28 22.64 250 40 60
14.56 -32.28 21.71 250 40 60
15.82 -32.28 20.99 250 40 60
17.09 -32.28 20.57 240 190 40
18.35 -32.28 20.48 240 190 40
19.62 -32.28 20.59 240 190 40
20.89 -32.28 20.75 30 230 140
22.15 -32.28 20.80 30 230 140
23.42 -32.28 20.66 240 190 40
24.68 -32.28 20.35 240 190 40
25.95 -32.28 20.00 240 190 40
27.22 -32.28 19.79 30 230 140
28.48 -32.28 19.86 30 230 140
29.75 -32.28 20.28 240 190 40
31.01 -32.28 21.00 250 40 60
32.28 -32.28 21.86 250 40 60
33.54 -32.28 22.65 250 40 60
34.81 -32.28 23.19 240 190 40
36.08 -32.28 23.36 30 230 140
37.34 -32.28 23.20 240 190 40
38.61 -32.28 22.82 240 190 40
39.87 -32.28 22.41 240 190 40
41.14 -32.28 22.11 30 230 140
42.41 -32.28 22.03 30 230 140
43.67 -32.28 22.12 240 190 40
44.94 -32.28 22.28 240 190 40
46.20 -32.28 22.32 30 230 140
47.47 -32.28 22.13 240 190 40
48.73 -32.28 21.64 250 40 60
50.00 -32.28 20.93 250 40 60
-50.00 -31.01 22.11 250 40 60
-48.73 -31.01 21.35 250 40 60
-47.47 -31.01 20.80 240 190 40
-46.20 -31.01 20.54 30 230 140
-44.94 -31.01 20.54 240 190 40
-43.67 -31.01 20.69 240 190 40
-42.41 -31.01 20.83 30 230 140
-41.14 -31.01 20.80 30 230 140
-39.87 -31.01 20.57 240 190 40
-38.61 -31.01 20.19 240 190 40
-37.34 -31.01 19.81 240 190 40
-36.08 -31.01 19.61 30 230 140
-34.81 -31.01 19.72 240 190 40
-33.54 -31.01 20.20 250 40 60
-32.28 -31.01 20.96 250 40 60
-31.01 -31.01 21.83 250 40 60
-29.75 -31.01 22.60 250 40 60
-28.48 -31.01 23.09 240 190 40
-27.22 -31.01 23.23 30 230 140
-25.95 -31.01 23.07 240 190 40
-24.68 -31.01 22.73 240 190 40
-23.42 -31.01 22.41 240 190 40
-22.15 -31.01 22.26 30 230 140
-20.89 -31.01 22.32 240 190 40
-19.62 -31.01 22.55 240 190 40
-18.35 -31.01 22.82 240 190 40
-17.09 -31.01 22.96 240 190 40
-15.82 -31.01 22.84 240 190 40
-14.56 -31.01 22.46 240 190 40
-13.29 -31.01 21.89 250 40 60
-12.03 -31.01 21.32 250 40 60
-10.76 -31.01 20.95 250 40 60
-9.49 -31.01 20.92 250 40 60
-8.23 -31.01 21.28 250 40 60
-6.96 -31.01 21.95 250 40 60
-5.70 -31.01 22.75 250 40 60
-4.43 -31.01 23.50 250 40 60
-3.16 -31.01 24.02 250 40 60
-1.90 -31.01 24.26 250 40 60
-0.63 -31.01 24.27 250 40 60
0.63 -31.01 24.18 250 40 60
1.90 -31.01 24.16 250 40 60
3.16 -31.01 24.31 250 40 60
4.43 -31.01 24.66 250 40 60
5.70 -31.01 25.11 250 40 60
6.96 -31.01 25.49 250 40 60
8.23 -31.01 25.62 250 40 60
9.49 -31.01 25.37 250 40 60
10.76 -31.01 24.73 250 40 60
12.03 -31.01 23.80 250 40 60
13.29 -31.01 22.78 250 40 60
14.56 -31.01 21.87 250 40 60
15.82 -31.01 21.24 250 40 60
17.09 -31.01 20.93 240 190 40
18.35 -31.01 20.89 240 190 40
19.62 -31.01 20.96 240 190 40
20.89 -31.01 20.97 30 230 140
22.15 -31.01 20.83 30 230 140
23.42 -31.01 20.49 240 190 40
24.68 -31.01 20.07 240 190 40
25.95 -31.01 19.72 240 190 40
27.22 -31.01 19.62 30 230 140
28.48 -31.01 19.86 240 190 40
29.75 -31.01 20.45 250 40 60
31.01 -31.01 21.28 250 40 60
32.28 -31.01 22.13 250 40 60
33.54 -31.01 22.82 240 190 40
34.81 -31.01 23.18 30 230 140
36.08 -31.01 23.19 240 190 40
37.34 -31.01 22.94 240 190 40
38.61 -31.01 22.57 240 190 40
39.87 -31.01 22.27 30 230 140
41.14 -31.01 22.15 30 230 140
42.41 -31.01 22.23 30 230 140
43.67 -31.01 22.42 240 190 40
44.94 -31.01 22.55 30 230 140
46.20 -31.01 22.48 30 230 140
47.47 -31.01 22.10 240 190 40
48.73 -31.01 21.44 250 40 60
50.00 -31.01 20.64 250 40 60
-50.00 -29.75 21.80 250 40 60
-48.73 -29.75 21.19 240 190 40
-47.47 -29.75 20.83 30 230 140
-46.20 -29.75 20.75 30 230 140
-44.94 -29.75 20.86 240 190 40
-43.67 -29.75 21.01 240 190 40
-42.41 -29.75 21.02 30 230 140
-41.14 -29.75 20.83 240 190 40
-39.87 -29.75 20.44 240 190 40
-38.61 -29.75 19.98 240 190 40
-37.34 -29.75 19.63 30 230 140
-36.08 -29.75 19.54 30 230 140
-34.81 -29.75 19.83 240 190 40
-33.54 -29.75 20.45 250 40 60
-32.28 -29.75 21.27 250 40 60
-31.01 -29.75 22.08 250 40 60
-29.75 -29.75 22.70 240 190 40
-28.48 -29.75 22.99 30 230 140
-27.22 -29.75 22.97 240 190 40
-25.95 -29.75 22.72 240 190 40
-24.68 -29.75 22.43 240 190 40
-23.42 -29.75 22.27 30 230 140
-22.15 -29.75 22.32 30 230 140
-20.89 -29.75 22.59 240 190 40
-19.62 -29.75 22.96 240 190 40
-18.35 -29.75 23.26 240 190 40
-17.09 -29.75 23.36 240 190 40
-15.82 -29.75 23.18 240 190 40
-14.56 -29.75 22.76 250 40 60
-13.29 -29.75 22.26 250 40 60
-12.03 -29.75 21.88 250 40 60
-10.76 -29.75 21.77 250 40 60
-9.49 -29.75 22.04 250 40 60
-8.23 -29.75 22.66 250 40 60
-6.96 -29.75 23.48 250 40 60
-5.70 -29.75 24.31 250 40 60
-4.43 -29.75 24.96 250 40 60
-3.16 -29.75 25.34 250 40 60
-1.90 -29.75 25.44 250 40 60
-0.63 -29.75 25.39 250 40 60
0.63 -29.75 25.34 250 40 60
1.90 -29.75 25.42 250 40 60
3.16 -29.75 25.71 250 40 60
4.43 -29.75 26.14 250 40 60
5.70 -29.75 26.57 250 40 60
6.96 -29.75 26.81 250 40 60
8.23 -29.75 26.69 250 40 60
9.49 -29.75 26.16 250 40 60
10.76 -29.75 25.28 250 40 60
12.03 -29.75 24.20 250 40 60
13.29 -29.75 23.14 250 40 60
14.56 -29.75 22.29 250 40 60
15.82 -29.75 21.76 250 40 60
17.09 -29.75 21.52 250 40 60
18.35 -29.75 21.45 250 40 60
19.62 -29.75 21.41 240 190 40
20.89 -29.75 21.23 240 190 40
22.15 -29.75 20.87 240 190 40
23.42 -29.75 20.37 240 190 40
24.68 -29.75 19.89 240 190 40
25.95 -29.75 19.59 30 230 140
27.22 -29.75 19.62 30 230 140
28.48 -29.75 20.03 250 40 60
29.75 -29.75 20.74 250 40 60
31.01 -29.75 21.58 250 40 60
32.28 -29.75 22.34 250 40 60
33.54 -29.75 22.84 240 190 40
34.81 -29.75 23.01 30 230 140
36.08 -29.75 22.87 240 190 40
37.34 -29.75 22.57 240 190 40
38.61 -29.75 22.28 240 190 40
39.87 -29.75 22.14 30 230 140
41.14 -29.75 22.21 30 230 140
42.41 -29.75 22.43 240 190 40
43.67 -29.75 22.66 30 230 140
44.94 -29.75 22.72 30 230 140
46.20 -29.75 22.50 240 190 40
47.47 -29.75 21.97 250 40 60
48.73 -29.75 21.20 250 40 60
50.00 -29.75 20.39 250 40 60
-50.00 -28.48 21.51 240 190 40
-48.73 -28.48 21.10 240 190 40
-47.47 -28.48 20.97 30 230 140
-46.20 -28.48 21.05 240 190 40
-44.94 -28.48 21.22 240 190 40
-43.67 -28.48 21.31 240 190 40
-42.41 -28.48 21.19 240 190 40
-41.14 -28.48 20.84 240 190 40
-39.87 -28.48 20.35 240 190 40
-38.61 -28.48 19.87 240 190 40
-37.34 -28.48 19.60 30 230 140
-36.08 -28.48 19.66 240 190 40
-34.81 -28.48 20.09 250 40 60
-33.54 -28.48 20.79 250 40 60
-32.28 -28.48 21.58 250 40 60
-31.01 -28.48 22.25 240 190 40
-29.75 -28.48 22.66 240 190 40
-28.48 -28.48 22.74 240 190 40
-27.22 -28.48 22.58 240 190 40
-25.95 -28.48 22.32 240 190 40
-24.68 -28.48 22.14 240 190 40
-23.42 -28.48 22.17 30 230 140
-22.15 -28.48 22.45 240 190 40
-20.89 -28.48 22.91 240 190 40
-19.62 -28.48 23.38 250 40 60
-18.35 -28.48 23.71 240 190 40
-17.09 -28.48 23.79 240 190 40
-15.82 -28.48 23.60 240 190 40
-14.56 -28.48 23.27 250 40 60
-13.29 -28.48 22.95 250 40 60
-12.03 -28.48 22.85 250 40 60
-10.76 -28.48 23.08 250 40 60
-9.49 -28.48 23.66 250 40 60
-8.23 -28.48 24.49 250 40 60
-6.96 -28.48 25.40 250 40 60
-5.70 -28.48 26.17 250 40 60
-4.43 -28.48 26.68 250 40 60
-3.16 -28.48 26.90 250 40 60
-1.90 -28.48 26.89 250 40 60
-0.63 -28.48 26.82 250 40 60
0.63 -28.48 26.84 250 40 60
1.90 -28.48 27.05 250 40 60
3.16 -28.48 27.44 250 40 60
4.43 -28.48 27.89 250 40 60
5.70 -28.48 28.22 250 40 60
6.96 -28.48 28.26 250 40 60
8.23 -28.48 27.87 250 40 60
9.49 -28.48 27.08 250 40 60
10.76 -28.48 26.00 250 40 60
12.03 -28.48 24.84 250 40 60
13.29 -28.48 23.80 250 40 60
14.56 -28.48 23.03 250 40 60
15.82 -28.48 22.56 250 40 60
17.09 -28.48 22.33 250 40 60
18.35 -28.48 22.17 250 40 60
19.62 -28.48 21.94 250 40 60
20.89 -28.48 21.53 250 40 60
22.15 -28.48 20.96 250 40 60
23.42 -28.48 20.34 240 190 40
24.68 -28.48 19.85 240 190 40
25.95 -28.48 19.64 30 230 140
27.22 -28.48 19.81 240 190 40
28.48 -28.48 20.34 250 40 60
29.75 -28.48 21.09 250 40 60
31.01 -28.48 21.85 250 40 60
32.28 -28.48 22.43 240 190 40
33.54 -28.48 22.71 30 230 140
34.81 -28.48 22.68 240 190 40
36.08 -28.48 22.44 240 190 40
37.34 -28.48 22.16 240 190 40
38.61 -28.48 21.99 240 190 40
39.87 -28.48 22.03 30 230 140
41.14 -28.48 22.26 240 190 40
42.41 -28.48 22.58 240 190 40
43.67 -28.48 22.80 30 230 140
44.94 -28.48 22.76 30 230 140
46.20 -28.48 22.41 240 190 40
47.47 -28.48 21.76 250 40 60
48.73 -28.48 20.97 250 40 60
50.00 -28.48 20.24 250 40 60
-50.00 -27.22 21.26 240 190 40
-48.73 -27.22 21.10 30 230 140
-47.47 -27.22 21.18 240 190 40
-46.20 -27.22 21.39 240 190 40
-44.94 -27.22 21.57 240 190 40
-43.67 -27.22 21.57 30 230 140
-42.41 -27.22 21.32 240 190 40
-41.14 -27.22 20.85 240 190 40
-39.87 -27.22 20.31 240 190 40
-38.61 -27.22 19.88 240 190 40
-37.34 -27.22 19.74 30 230 140
-36.08 -27.22 19.96 240 190 40
-34.81 -27.22 20.49 250 40 60
-33.54 -27.22 21.19 250 40 60
-32.28 -27.22 21.86 250 40 60
-31.01 -27.22 22.32 240 190 40
-29.75 -27.22 22.49 30 230 140
-28.48 -27.22 22.38 240 190 40
-27.22 -27.22 22.13 240 190 40
-25.95 -27.22 21.92 240 190 40
-24.68 -27.22 21.90 30 230 140
-23.42 -27.22 22.16 240 190 40
-22.15 -27.22 22.66 250 40 60
-20.89 -27.22 23.27 250 40 60
-19.62 -27.22 23.83 250 40 60
-18.35 -27.22 24.19 240 190 40
-17.09 -27.22 24.29 240 190 40
-15.82 -27.22 24.19 250 40 60
-14.56 -27.22 24.03 250 40 60
-13.29 -27.22 24.00 250 40 60
-12.03 -27.22 24.25 250 40 60
-10.76 -27.22 24.83 250 40 60
-9.49 -27.22 25.69 250 40 60
-8.23 -27.22 26.66 250 40 60
-6.96 -27.22 27.56 250 40 60
-5.70 -27.22 28.20 250 40 60
-4.43 -27.22 28.53 250 40 60
-3.16 -27.22 28.59 250 40 60
-1.90 -27.22 28.50 250 40 60
-0.63 -27.22 28.45 250 40 60
0.63 -27.22 28.56 250 40 60
1.90 -27.22 28.88 250 40 60
3.16 -27.22 29.33 250 40 60
4.43 -27.22 29.75 250 40 60
5.70 -27.22 29.94 250 40 60
6.96 -27.22 29.74 250 40 60
8.23 -27.22 29.11 250 40 60
9.49 -27.22 28.12 250 40 60
10.76 -27.22 26.93 250 40 60
12.03 -27.22 25.76 250 40 60
13.29 -27.22 24.79 250 40 60
14.56 -27.22 24.10 250 40 60
15.82 -27.22 23.67 250 40 60
17.09 -27.22 23.36 250 40 60
18.35 -27.22 23.03 250 40 60
19.62 -27.22 22.55 250 40 60
20.89 -27.22 21.90 250 40 60
22.15 -27.22 21.15 250 40 60
23.42 -27.22 20.45 250 40 60
24.68 -27.22 19.99 240 190 40
25.95 -27.22 19.90 240 190 40
27.22 -27.22 20.19 250 40 60
28.48 -27.22 20.77 250 40 60
29.75 -27.22 21.46 250 40 60
31.01 -27.22 22.06 240 190 40
32.28 -27.22 22.41 30 230 140
33.54 -27.22 22.45 240 190 40
34.81 -27.22 22.25 240 190 40
36.08 -27.22 21.96 240 190 40
37.34 -27.22 21.74 240 190 40
38.61 -27.22 21.72 30 230 140
39.87 -27.22 21.94 240 190 40
41.14 -27.22 22.30 240 190 40
42.41 -27.22 22.65 30 230 140
43.67 -27.22 22.81 30 230 140
44.94 -27.22 22.66 240 190 40
46.20 -27.22 22.19 250 40 60
47.47 -27.22 21.50 250 40 60
48.73 -27.22 20.77 250 40 60
50.00 -27.22 20.21 240 190 40
-50.00 -25.95 21.09 30 230 140
-48.73 -25.95 21.17 30 230 140
-47.47 -25.95 21.43 240 190 40
-46.20 -25.95 21.72 240 190 40
-44.94 -25.95 21.87 30 230 140
-43.67 -25.95 21.77 240 190 40
-42.41 -25.95 21.39 240 190 40
-41.14 -25.95 20.86 240 190 40
-39.87 -25.95 20.35 240 190 40
-38.61 -25.95 20.04 240 190 40
-37.34 -25.95 20.06 240 190 40
-36.08 -25.95 20.40 250 40 60
-34.81 -25.95 20.97 250 40 60
-33.54 -25.95 21.59 250 40 60
-32.28 -25.95 22.07 240 190 40
-31.01 -25.95 22.28 30 230 140
-29.75 -25.95 22.21 240 190 40
-28.48 -25.95 21.95 240 190 40
-27.22 -25.95 21.67 240 190 40
-25.95 -25.95 21.57 240 190 40
-24.68 -25.95 21.75 240 190 40
-23.42 -25.95 22.24 250 40 60
-22.15 -25.95 22.94 250 40 60
-20.89 -25.95 23.69 250 40 60
-19.62 -25.95 24.32 250 40 60
-18.35 -25.95 24.72 250 40 60
-17.09 -25.95 24.91 250 40 60
-15.82 -25.95 24.97 250 40 60
-14.56 -25.95 25.09 250 40 60
-13.29 -25.95 25.41 250 40 60
-12.03 -25.95 26.03 250 40 60
-10.76 -25.95 26.93 250 40 60
-9.49 -25.95 27.97 250 40 60
-8.23 -25.95 28.97 250 40 60
-6.96 -25.95 29.75 250 40 60
-5.70 -25.95 30.19 250 40 60
-4.43 -25.95 30.30 250 40 60
-3.16 -25.95 30.20 250 40 60
-1.90 -25.95 30.06 250 40 60
-0.63 -25.95 30.06 250 40 60
0.63 -25.95 30.27 250 40 60
1.90 -25.95 30.68 250 40 60
3.16 -25.95 31.15 250 40 60
4.43 -25.95 31.49 250 40 60
5.70 -25.95 31.51 250 40 60
6.96 -25.95 31.11 250 40 60
8.23 -25.95 30.30 250 40 60
9.49 -25.95 29.21 250 40 60
10.76 -25.95 28.03 250 40 60
12.03 -25.95 26.96 250 40 60
13.29 -25.95 26.11 250 40 60
14.56 -25.95 25.50 250 40 60
15.82 -25.95 25.05 250 40 60
17.09 -25.95 24.60 250 40 60
18.35 -25.95 24.03 250 40 60
19.62 -25.95 23.27 250 40 60
20.89 -25.95 22.38 250 40 60
22.15 -25.95 21.47 250 40 60
23.42 -25.95 20.74 250 40 60
24.68 -25.95 20.35 240 190 40
25.95 -25.95 20.35 240 190 40
27.22 -25.95 20.71 250 40 60
28.48 -25.95 21.27 250 40 60
29.75 -25.95 21.82 240 190 40
31.01 -25.95 22.19 30 230 140
32.28 -25.95 22.27 30 230 140
33.54 -25.95 22.09 240 190 40
34.81 -25.95 21.76 250 40 60
36.08 -25.95 21.46 240 190 40
37.34 -25.95 21.35 240 190 40
38.61 -25.95 21.50 240 190 40
39.87 -25.95 21.86 240 190 40
41.14 -25.95 22.29 240 190 40
42.41 -25.95 22.62 30 230 140
43.67 -25.95 22.69 30 230 140
44.94 -25.95 22.43 240 190 40
46.20 -25.95 21.89 250 40 60
47.47 -25.95 21.23 250 40 60
48.73 -25.95 20.65 240 190 40
50.00 -25.95 20.31 240 190 40
-50.00 -24.68 21.01 240 190 40
-48.73 -24.68 21.30 240 190 40
-47.47 -24.68 21.70 240 190 40
-46.20 -24.68 22.01 240 190 40
-44.94 -24.68 22.09 30 230 140
-43.67 -24.68 21.88 240 190 40
-42.41 -24.68 21.44 240 190 40
-41.14 -24.68 20.92 240 190 40
-39.87 -24.68 20.50 240 190 40
-38.61 -24.68 20.35 240 190 40
-37.34 -24.68 20.52 250 40 60
-36.08 -24.68 20.95 250 40 60
-34.81 -24.68 21.49 250 40 60
-33.54 -24.68 21.96 240 190 40
-32.28 -24.68 22.19 30 230 140
-31.01 -24.68 22.14 30 230 140
-29.75 -24.68 21.85 240 190 40
-28.48 -24.68 21.50 240 190 40
-27.22 -24.68 21.28 240 190 40
-25.95 -24.68 21.34 240 190 40
-24.68 -24.68 21.74 240 190 40
-23.42 -24.68 22.45 250 40 60
-22.15 -24.68 23.31 250 40 60
-20.89 -24.68 24.16 250 40 60
-19.62 -24.68 24.85 250 40 60
-18.35 -24.68 25.34 250 40 60
-17.09 -24.68 25.67 250 40 60
-15.82 -24.68 25.98 250 40 60
-14.56 -24.68 26.42 250 40 60
-13.29 -24.68 27.11 250 40 60
-12.03 -24.68 28.06 250 40 60
-10.76 -24.68 29.16 250 40 60
-9.49 -24.68 30.26 250 40 60
-8.23 -24.68 31.15 250 40 60
-6.96 -24.68 31.69 250 40 60
-5.70 -24.68 31.86 250 40 60
-4.43 -24.68 31.74 250 40 60
-3.16 -24.68 31.49 250 40 60
-1.90 -24.68 31.33 250 40 60
-0.63 -24.68 31.38 250 40 60
0.63 -24.68 31.67 250 40 60
1.90 -24.68 32.13 250 40 60
3.16 -24.68 32.57 250 40 60
4.43 -24.68 32.80 250 40 60
5.70 -24.68 32.68 250 40 60
6.96 -24.68 32.14 250 40 60
8.23 -24.68 31.28 250 40 60
9.49 -24.68 30.24 250 40 60
10.76 -24.68 29.21 250 40 60
12.03 -24.68 28.34 250 40 60
13.29 -24.68 27.67 250 40 60
14.56 -24.68 27.14 250 40 60
15.82 -24.68 26.63 250 40 60
17.09 -24.68 26.00 250 40 60
18.35 -24.68 25.16 250 40 60
19.62 -24.68 24.12 250 40 60
20.89 -24.68 23.00 250 40 60
22.15 -24.68 21.98 250 40 60
23.42 -24.68 21.25 250 40 60
24.68 -24.68 20.92 250 40 60
25.95 -24.68 20.99 250 40 60
27.22 -24.68 21.34 250 40 60
28.48 -24.68 21.79 250 40 60
29.75 -24.68 22.13 240 190 40
31.01 -24.68 22.21 30 230 140
32.28 -24.68 22.03 240 190 40
33.54 -24.68 21.66 240 190 40
34.81 -24.68 21.26 240 190 40
36.08 -24.68 21.02 240 190 40
37.34 -24.68 21.04 240 190 40
38.61 -24.68 21.33 240 190 40
39.87 -24.68 21.78 240 190 40
41.14 -24.68 22.22 240 190 40
42.41 -24.68 22.47 30 230 140
43.67 -24.68 22.42 240 190 40
44.94 -24.68 22.07 250 40 60
46.20 -24.68 21.54 250 40 60
47.47 -24.68 20.99 240 190 40
48.73 -24.68 20.62 30 230 140
50.00 -24.68 20.54 240 190 40
-50.00 -23.42 21.00 240 190 40
-48.73 -23.42 21.47 240 190 40
-47.47 -23.42 21.93 240 190 40
-46.20 -23.42 22.21 30 230 140
-44.94 -23.42 22.21 30 230 140
-43.67 -23.42 21.92 240 190 40
-42.41 -23.42 21.46 240 190 40
-41.14 -23.42 21.02 240 190 40
-39.87 -23.42 20.76 240 190 40
-38.61 -23.42 20.79 240 190 40
-37.34 -23.42 21.09 250 40 60
-36.08 -23.42 21.55 250 40 60
-34.81 -23.42 21.99 240 190 40
-33.54 -23.42 22.24 30 230 140
-32.28 -23.42 22.21 30 230 140
-31.01 -23.42 21.91 240 190 40
-29.75 -23.42 21.48 240 190 40
-28.48 -23.42 21.11 240 190 40
-27.22 -23.42 21.00 30 230 140
-25.95 -23.42 21.25 240 190 40
-24.68 -23.42 21.88 250 40 60
-23.42 -23.42 22.77 250 40 60
-22.15 -23.42 23.77 250 40 60
-20.89 -23.42 24.70 250 40 60
-19.62 -23.42 25.46 250 40 60
-18.35 -23.42 26.06 250 40 60
-17.09 -23.42 26.58 250 40 60
-15.82 -23.42 27.17 250 40 60
-14.56 -23.42 27.95 250 40 60
-13.29 -23.42 28.95 250 40 60
-12.03 -23.42 30.11 250 40 60
-10.76 -23.42 31.28 250 40 60
-9.49 -23.42 32.26 250 40 60
-8.23 -23.42 32.89 250 40 60
-6.96 -23.42 33.10 250 40 60
-5.70 -23.42 32.95 250 40 60
-4.43 -23.42 32.58 250 40 60
-3.16 -23.42 32.22 240 190 40
-1.90 -23.42 32.04 240 190 40
-0.63 -23.42 32.13 240 190 40
0.63 -23.42 32.47 240 190 40
1.90 -23.42 32.93 240 190 40
3.16 -23.42 33.30 240 190 40
4.43 -23.42 33.42 30 230 140
5.70 -23.42 33.19 240 190 40
6.96 -23.42 32.63 250 40 60
8.23 -23.42 31.86 250 40 60
9.49 -23.42 31.04 250 40 60
10.76 -23.42 30.31 250 40 60
12.03 -23.42 29.75 250 40 60
13.29 -23.42 29.31 250 40 60
14.56 -23.42 28.88 250 40 60
15.82 -23.42 28.31 250 40 60
17.09 -23.42 27.49 250 40 60
18.35 -23.42 26.38 250 40 60
19.62 -23.42 25.09 250 40 60
20.89 -23.42 23.80 250 40 60
22.15 -23.42 22.72 250 40 60
23.42 -23.42 22.00 250 40 60
24.68 -23.42 21.71 250 40 60
25.95 -23.42 21.78 250 40 60
27.22 -23.42 22.05 250 40 60
28.48 -23.42 22.29 240 190 40
29.75 -23.42 22.35 30 230 140
31.01 -23.42 22.14 240 190 40
32.28 -23.42 21.72 240 190 40
33.54 -23.42 21.21 250 40 60
34.81 -23.42 20.81 240 190 40
36.08 -23.42 20.66 240 190 40
37.34 -23.42 20.81 240 190 40
38.61 -23.42 21.20 240 190 40
39.87 -23.42 21.68 240 190 40
41.14 -23.42 22.06 240 190 40
42.41 -23.42 22.20 240 190 40
43.67 -23.42 22.04 240 190 40
44.94 -23.42 21.65 250 40 60
46.20 -23.42 21.18 240 190 40
47.47 -23.42 20.82 240 190 40
48.73 -23.42 20.71 30 230 140
50.00 -23.42 20.90 240 190 40
-50.00 -22.15 21.05 240 190 40
-48.73 -22.15 21.63 240 190 40
-47.47 -22.15 22.10 240 190 40
-46.20 -22.15 22.31 30 230 140
-44.94 -22.15 22.22 30 230 140
-43.67 -22.15 21.90 240 190 40
-42.41 -22.15 21.49 240 190 40
-41.14 -22.15 21.19 240 190 40
-39.87 -22.15 21.12 240 190 40
-38.61 -22.15 21.33 250 40 60
-37.34 -22.15 21.72 250 40 60
-36.08 -22.15 22.15 250 40 60
-34.81 -22.15 22.42 240 190 40
-33.54 -22.15 22.42 30 230 140
-32.28 -22.15 22.13 240 190 40
-31.01 -22.15 21.64 240 190 40
-29.75 -22.15 21.13 240 190 40
-28.48 -22.15 20.83 30 230 140
-27.22 -22.15 20.88 30 230 140
-25.95 -22.15 21.35 250 40 60
-24.68 -22.15 22.18 250 40 60
-23.42 -22.15 23.22 250 40 60
-22.15 -22.15 24.31 250 40 60
-20.89 -22.15 25.30 250 40 60
-19.62 -22.15 26.14 250 40 60
-18.35 -22.15 26.88 250 40 60
-17.09 -22.15 27.62 250 40 60
-15.82 -22.15 28.49 250 40 60
-14.56 -22.15 29.53 250 40 60
-13.29 -22.15 30.73 250 40 60
-12.03 -22.15 31.95 250 40 60
-10.76 -22.15 32.99 250 40 60
-9.49 -22.15 33.69 250 40 60
-8.23 -22.15 33.93 250 40 60
-6.96 -22.15 33.74 240 190 40
-5.70 -22.15 33.24 240 190 40
-4.43 -22.15 32.65 250 40 60
-3.16 -22.15 32.19 240 190 40
-1.90 -22.15 32.00 240 190 40
-0.63 -22.15 32.11 240 190 40
0.63 -22.15 32.46 250 40 60
1.90 -22.15 32.85 250 40 60
3.16 -22.15 33.12 250 40 60
4.43 -22.15 33.14 250 40 60
5.70 -22.15 32.88 250 40 60
6.96 -22.15 32.41 250 40 60
8.23 -22.15 31.88 240 190 40
9.49 -22.15 31.43 240 190 40
10.76 -22.15 31.14 250 40 60
12.03 -22.15 30.98 250 40 60
13.29 -22.15 30.84 250 40 60
14.56 -22.15 30.55 250 40 60
15.82 -22.15 29.95 250 40 60
17.09 -22.15 28.97 250 40 60
18.35 -22.15 27.67 250 40 60
19.62 -22.15 26.20 250 40 60
20.89 -22.15 24.81 250 40 60
22.15 -22.15 23.69 250 40 60
23.42 -22.15 22.99 250 40 60
24.68 -22.15 22.69 250 40 60
25.95 -22.15 22.69 250 40 60
27.22 -22.15 22.77 250 40 60
28.48 -22.15 22.74 240 190 40
29.75 -22.15 22.49 240 190 40
31.01 -22.15 22.00 240 190 40
32.28 -22.15 21.38 250 40 60
33.54 -22.15 20.81 250 40 60
34.81 -22.15 20.45 240 190 40
36.08 -22.15 20.41 30 230 140
37.34 -22.15 20.67 240 190 40
38.61 -22.15 21.11 240 190 40
39.87 -22.15 21.55 240 190 40
41.14 -22.15 21.82 240 190 40
42.41 -22.15 21.82 240 190 40
43.67 -22.15 21.57 240 190 40
44.94 -22.15 21.19 240 190 40
46.20 -22.15 20.86 240 190 40
47.47 -22.15 20.74 30 230 140
48.73 -22.15 20.90 240 190 40
50.00 -22.15 21.33 250 40 60
-50.00 -20.89 21.15 250 40 60
-48.73 -20.89 21.76 240 190 40
-47.47 -20.89 22.17 240 190 40
-46.20 -20.89 22.29 30 230 140
-44.94 -20.89 22.14 30 230 140
-43.67 -20.89 21.83 240 190 40
-42.41 -20.89 21.54 30 230 140
-41.14 -20.89 21.43 240 190 40
-39.87 -20.89 21.57 240 190 40
-38.61 -20.89 21.92 250 40 60
-37.34 -20.89 22.35 250 40 60
-36.08 -20.89 22.67 240 190 40
-34.81 -20.89 22.74 30 230 140
-33.54 -20.89 22.49 240 190 40
-32.28 -20.89 21.98 250 40 60
-31.01 -20.89 21.37 250 40 60
-29.75 -20.89 20.87 240 190 40
-28.48 -20.89 20.70 30 230 140
-27.22 -20.89 20.95 240 190 40
-25.95 -20.89 21.63 250 40 60
-24.68 -20.89 22.63 250 40 60
-23.42 -20.89 23.78 250 40 60
-22.15 -20.89 24.92 250 40 60
-20.89 -20.89 25.96 250 40 60
-19.62 -20.89 26.88 250 40 60
-18.35 -20.89 27.77 250 40 60
-17.09 -20.89 28.72 250 40 60
-15.82 -20.89 29.80 250 40 60
-14.56 -20.89 31.01 250 40 60
-13.29 -20.89 32.24 250 40 60
-12.03 -20.89 33.32 250 40 60
-10.76 -20.89 34.06 250 40 60
-9.49 -20.89 34.33 30 230 140
-8.23 -20.89 34.10 240 190 40
-6.96 -20.89 33.48 250 40 60
-5.70 -20.89 32.66 250 40 60
-4.43 -20.89 31.88 250 40 60
-3.16 -20.89 31.34 250 40 60
-1.90 -20.89 31.14 250 40 60
-0.63 -20.89 31.25 250 40 60
0.63 -20.89 31.53 250 40 60
1.90 -20.89 31.81 250 40 60
3.16 -20.89 31.96 250 40 60
4.43 -20.89 31.90 250 40 60
5.70 -20.89 31.67 250 40 60
6.96 -20.89 31.41 250 40 60
8.23 -20.89 31.25 250 40 60
9.49 -20.89 31.29 240 190 40
10.76 -20.89 31.53 240 190 40
12.03 -20.89 31.85 250 40 60
13.29 -20.89 32.05 250 40 60
14.56 -20.89 31.94 250 40 60
15.82 -20.89 31.38 250 40 60
17.09 -20.89 30.34 250 40 60
18.35 -20.89 28.94 250 40 60
19.62 -20.89 27.41 250 40 60
20.89 -20.89 26.00 250 40 60
22.15 -20.89 24.90 250 40 60
23.42 -20.89 24.19 250 40 60
24.68 -20.89 23.82 250 40 60
25.95 -20.89 23.65 250 40 60
27.22 -20.89 23.46 250 40 60
28.48 -20.89 23.11 240 190 40
29.75 -20.89 22.54 250 40 60
31.01 -20.89 21.80 250 40 60
32.28 -20.89 21.06 250 40 60
33.54 -20.89 20.49 240 190 40
34.81 -20.89 20.22 30 230 140
36.08 -20.89 20.29 30 230 140
37.34 -20.89 20.61 240 190 40
38.61 -20.89 21.03 240 190 40
39.87 -20.89 21.37 240 190 40
41.14 -20.89 21.49 240 190 40
42.41 -20.89 21.36 240 190 40
43.67 -20.89 21.07 240 190 40
44.94 -20.89 20.76 240 190 40
46.20 -20.89 20.62 30 230 140
47.47 -20.89 20.76 240 190 40
48.73 -20.89 21.19 250 40 60
50.00 -20.89 21.80 250 40 60
-50.00 -19.62 21.26 240 190 40
-48.73 -19.62 21.83 240 190 40
-47.47 -19.62 22.14 30 230 140
-46.20 -19.62 22.17 30 230 140
-44.94 -19.62 21.99 240 190 40
-43.67 -19.62 21.76 30 230 140
-42.41 -19.62 21.64 30 230 140
-41.14 -19.62 21.74 240 190 40
-39.87 -19.62 22.06 250 40 60
-38.61 -19.62 22.51 250 40 60
-37.34 -19.62 22.90 240 190 40
-36.08 -19.62 23.08 240 190 40
-34.81 -19.62 22.92 240 190 40
-33.54 -19.62 22.44 240 190 40
-32.28 -19.62 21.78 250 40 60
-31.01 -19.62 21.14 240 190 40
-29.75 -19.62 20.75 30 230 140
-28.48 -19.62 20.76 240 190 40
-27.22 -19.62 21.23 250 40 60
-25.95 -19.62 22.10 250 40 60
-24.68 -19.62 23.22 250 40 60
-23.42 -19.62 24.43 250 40 60
-22.15 -19.62 25.60 250 40 60
-20.89 -19.62 26.67 250 40 60
-19.62 -19.62 27.67 250 40 60
-18.35 -19.62 28.68 250 40 60
-17.09 -19.62 29.78 250 40 60
-15.82 -19.62 30.98 250 40 60
-14.56 -19.62 32.19 250 40 60
-13.29 -19.62 33.27 250 40 60
-12.03 -19.62 34.03 250 40 60
-10.76 -19.62 34.31 30 230 140
-9.49 -19.62 34.06 250 40 60
-8.23 -19.62 33.33 250 40 60
-6.96 -19.62 32.31 250 40 60
-5.70 -19.62 31.23 250 40 60
-4.43 -19.62 30.33 250 40 60
-3.16 -19.62 29.76 250 40 60
-1.90 -19.62 29.54 250 40 60
-0.63 -19.62 29.59 250 40 60
0.63 -19.62 29.75 250 40 60
1.90 -19.62 29.88 250 40 60
3.16 -19.62 29.88 250 40 60
4.43 -19.62 29.77 250 40 60
5.70 -19.62 29.65 250 40 60
6.96 -19.62 29.68 250 40 60
8.23 -19.62 29.97 250 40 60
9.49 -19.62 30.56 250 40 60
10.76 -19.62 31.36 250 40 60
12.03 -19.62 32.18 250 40 60
13.29 -19.62 32.76 240 190 40
14.56 -19.62 32.89 250 40 60
15.82 -19.62 32.45 250 40 60
17.09 -19.62 31.48 250 40 60
18.35 -19.62 30.14 250 40 60
19.62 -19.62 28.68 250 40 60
20.89 -19.62 27.34 250 40 60
22.15 -19.62 26.28 250 40 60
23.42 -19.62 25.55 250 40 60
24.68 -19.62 25.04 250 40 60
25.95 -19.62 24.61 250 40 60
27.22 -19.62 24.09 250 40 60
28.48 -19.62 23.39 250 40 60
29.75 -19.62 22.52 250 40 60
31.01 -19.62 21.61 250 40 60
32.28 -19.62 20.81 250 40 60
33.54 -19.62 20.29 240 190 40
34.81 -19.62 20.13 30 230 140
36.08 -19.62 20.28 30 230 140
37.34 -19.62 20.62 240 190 40
38.61 -19.62 20.96 240 190 40
39.87 -19.62 21.15 30 230 140
41.14 -19.62 21.10 240 190 40
42.41 -19.62 20.87 240 190 40
43.67 -19.62 20.58 240 190 40
44.94 -19.62 20.41 240 190 40
46.20 -19.62 20.49 30 230 140
47.47 -19.62 20.89 240 190 40
48.73 -19.62 21.53 250 40 60
50.00 -19.62 22.26 250 40 60
-50.00 -18.35 21.35 240 190 40
-48.73 -18.35 21.81 240 190 40
-47.47 -18.35 22.01 30 230 140
-46.20 -18.35 21.96 30 230 140
-44.94 -18.35 21.80 30 230 140
-43.67 -18.35 21.69 30 230 140
-42.41 -18.35 21.77 30 230 140
-41.14 -18.35 22.08 240 190 40
-39.87 -18.35 22.55 250 40 60
-38.61 -18.35 23.03 250 40 60
-37.34 -18.35 23.34 240 190 40
-36.08 -18.35 23.32 30 230 140
-34.81 -18.35 22.95 240 190 40
-33.54 -18.35 22.31 250 40 60
-32.28 -18.35 21.59 250 40 60
-31.01 -18.35 21.01 240 190 40
-29.75 -18.35 20.79 30 230 140
-28.48 -18.35 21.02 240 190 40
-27.22 -18.35 21.70 250 40 60
-25.95 -18.35 22.72 250 40 60
-24.68 -18.35 23.92 250 40 60
-23.42 -18.35 25.15 250 40 60
-22.15 -18.35 26.32 250 40 60
-20.89 -18.35 27.41 250 40 60
-19.62 -18.35 28.47 250 40 60
-18.35 -18.35 29.56 250 40 60
-17.09 -18.35 30.72 250 40 60
-15.82 -18.35 31.89 250 40 60
-14.56 -18.35 32.94 250 40 60
-13.29 -18.35 33.69 240 190 40
-12.03 -18.35 33.97 240 190 40
-10.76 -18.35 33.70 250 40 60
-9.49 -18.35 32.90 250 40 60
-8.23 -18.35 31.71 250 40 60
-6.96 -18.35 30.37 250 40 60
-5.70 -18.35 29.13 250 40 60
-4.43 -18.35 28.18 250 40 60
-3.16 -18.35 27.60 250 40 60
-1.90 -18.35 27.35 250 40 60
-0.63 -18.35 27.31 250 40 60
0.63 -18.35 27.32 250 40 60
1.90 -18.35 27.26 250 40 60
3.16 -18.35 27.12 250 40 60
4.43 -18.35 26.99 250 40 60
5.70 -18.35 27.03 250 40 60
6.96 -18.35 27.38 250 40 60
8.23 -18.35 28.14 250 40 60
9.49 -18.35 29.27 250 40 60
10.76 -18.35 30.61 250 40 60
12.03 -18.35 31.89 250 40 60
13.29 -18.35 32.84 250 40 60
14.56 -18.35 33.25 30 230 140
15.82 -18.35 33.05 250 40 60
17.09 -18.35 32.30 250 40 60
18.35 -18.35 31.18 250 40 60
19.62 -18.35 29.93 250 40 60
20.89 -18.35 28.76 250 40 60
22.15 -18.35 27.78 250 40 60
23.42 -18.35 26.99 250 40 60
24.68 -18.35 26.28 250 40 60
25.95 -18.35 25.53 250 40 60
27.22 -18.35 24.64 250 40 60
28.48 -18.35 23.59 250 40 60
29.75 -18.35 22.48 250 40 60
31.01 -18.35 21.45 250 40 60
32.28 -18.35 20.67 250 40 60
33.54 -18.35 20.25 30 230 140
34.81 -18.35 20.18 30 230 140
36.08 -18.35 20.38 240 190 40
37.34 -18.35 20.67 30 230 140
38.61 -18.35 20.87 30 230 140
39.87 -18.35 20.88 240 190 40
41.14 -18.35 20.69 240 190 40
42.41 -18.35 20.39 240 190 40
43.67 -18.35 20.16 240 190 40
44.94 -18.35 20.16 30 230 140
46.20 -18.35 20.49 240 190 40
47.47 -18.35 21.11 250 40 60
48.73 -18.35 21.90 250 40 60
50.00 -18.35 22.65 250 40 60
-50.00 -17.09 21.40 240 190 40
-48.73 -17.09 21.72 30 230 140
-47.47 -17.09 21.79 30 230 140
-46.20 -17.09 21.70 240 190 40
-44.94 -17.09 21.61 30 230 140
-43.67 -17.09 21.66 30 230 140
-42.41 -17.09 21.95 240 190 40
-41.14 -17.09 22.44 250 40 60
-39.87 -17.09 22.99 250 40 60
-38.61 -17.09 23.44 240 190 40
-37.34 -17.09 23.60 30 230 140
-36.08 -17.09 23.39 240 190 40
-34.81 -17.09 22.85 250 40 60
-33.54 -17.09 22.12 250 40 60
-32.28 -17.09 21.43 240 190 40
-31.01 -17.09 21.01 30 230 140
-29.75 -17.09 21.01 240 190 40
-28.48 -17.09 21.47 250 40 60
-27.22 -17.09 22.34 250 40 60
-25.95 -17.09 23.47 250 40 60
-24.68 -17.09 24.70 250 40 60
-23.42 -17.09 25.91 250 40 60
-22.15 -17.09 27.06 250 40 60
-20.89 -17.09 28.15 250 40 60
-19.62 -17.09 29.23 250 40 60
-18.35 -17.09 30.34 250 40 60
-17.09 -17.09 31.44 250 40 60
-15.82 -17.09 32.43 250 40 60
-14.56 -17.09 33.15 240 190 40
-13.29 -17.09 33.42 250 40 60
-12.03 -17.09 33.14 250 40 60
-10.76 -17.09 32.29 250 40 60
-9.49 -17.09 30.98 250 40 60
-8.23 -17.09 29.43 250 40 60
-6.96 -17.09 27.89 250 40 60
-5.70 -17.09 26.59 250 40 60
-4.43 -17.09 25.66 250 40 60
-3.16 -17.09 25.10 250 40 60
-1.90 -17.09 24.81 250 40 60
-0.63 -17.09 24.64 250 40 60
0.63 -17.09 24.46 250 40 60
1.90 -17.09 24.21 250 40 60
3.16 -17.09 23.96 250 40 60
4.43 -17.09 23.85 250 40 60
5.70 -17.09 24.07 250 40 60
6.96 -17.09 24.76 250 40 60
8.23 -17.09 25.95 250 40 60
9.49 -17.09 27.54 250 40 60
10.76 -17.09 29.31 250 40 60
12.03 -17.09 30.97 250 40 60
13.29 -17.09 32.26 250 40 60
14.56 -17.09 32.99 250 40 60
15.82 -17.09 33.12 30 230 140
17.09 -17.09 32.73 250 40 60
18.35 -17.09 31.99 250 40 60
19.62 -17.09 31.10 250 40 60
20.89 -17.09 30.18 250 40 60
22.15 -17.09 29.30 250 40 60
23.42 -17.09 28.42 250 40 60
24.68 -17.09 27.46 250 40 60
25.95 -17.09 26.36 250 40 60
27.22 -17.09 25.09 250 40 60
28.48 -17.09 23.74 250 40 60
29.75 -17.09 22.44 250 40 60
31.01 -17.09 21.37 250 40 60
32.28 -17.09 20.66 240 190 40
33.54 -17.09 20.35 30 230 140
34.81 -17.09 20.36 30 230 140
36.08 -17.09 20.55 240 190 40
37.34 -17.09 20.74 30 230 140
38.61 -17.09 20.77 30 230 140
39.87 -17.09 20.59 240 190 40
41.14 -17.09 20.28 240 190 40
42.41 -17.09 19.98 240 190 40
43.67 -17.09 19.87 30 230 140
44.94 -17.09 20.06 240 190 40
46.20 -17.09 20.60 250 40 60
47.47 -17.09 21.38 250 40 60
48.73 -17.09 22.23 250 40 60
50.00 -17.09 22.93 250 40 60
-50.00 -15.82 21.39 30 230 140
-48.73 -15.82 21.55 30 230 140
-47.47 -15.82 21.52 240 190 40
-46.20 -15.82 21.43 30 230 140
-44.94 -15.82 21.44 30 230 140
-43.67 -15.82 21.68 240 190 40
-42.41 -15.82 22.15 240 190 40
-41.14 -15.82 22.76 250 40 60
-39.87 -15.82 23.33 240 190 40
-38.61 -15.82 23.68 30 230 140
-37.34 -15.82 23.67 30 230 140
-36.08 -15.82 23.29 240 190 40
-34.81 -15.82 22.64 250 40 60
-33.54 -15.82 21.91 250 40 60
-32.28 -15.82 21.35 240 190 40
-31.01 -15.82 21.15 30 230 140
-29.75 -15.82 21.40 250 40 60
-28.48 -15.82 22.09 250 40 60
-27.22 -15.82 23.10 250 40 60
-25.95 -15.82 24.29 250 40 60
-24.68 -15.82 25.52 250 40 60
-23.42 -15.82 26.69 250 40 60
-22.15 -15.82 27.81 250 40 60
-20.89 -15.82 28.88 250 40 60
-19.62 -15.82 29.93 250 40 60
-18.35 -15.82 30.96 250 40 60
-17.09 -15.82 31.88 250 40 60
-15.82 -15.82 32.55 240 190 40
-14.56 -15.82 32.80 250 40 60
-13.29 -15.82 32.50 250 40 60
-12.03 -15.82 31.61 250 40 60
-10.76 -15.82 30.22 250 40 60
-9.49 -15.82 28.51 250 40 60
-8.23 -15.82 26.72 250 40 60
-6.96 -15.82 25.12 250 40 60
-5.70 -15.82 23.86 250 40 60
-4.43 -15.82 23.00 250 40 60
-3.16 -15.82 22.47 250 40 60
-1.90 -15.82 22.12 250 40 60
-0.63 -15.82 21.80 250 40 60
0.63 -15.82 21.43 250 40 60
1.90 -15.82 21.02 250 40 60
3.16 -15.82 20.69 250 40 60
4.43 -15.82 20.65 250 40 60
5.70 -15.82 21.07 250 40 60
6.96 -15.82 22.06 250 40 60
8.23 -15.82 23.60 250 40 60
9.49 -15.82 25.53 250 40 60
10.76 -15.82 27.59 250 40 60
12.03 -15.82 29.52 250 40 60
13.29 -15.82 31.08 250 40 60
14.56 -15.82 32.14 250 40 60
15.82 -15.82 32.67 250 40 60
17.09 -15.82 32.76 30 230 140
18.35 -15.82 32.54 240 190 40
19.62 -15.82 32.09 250 40 60
20.89 -15.82 31.49 250 40 60
22.15 -15.82 30.72 250 40 60
23.42 -15.82 29.74 250 40 60
24.68 -15.82 28.52 250 40 60
25.95 -15.82 27.06 250 40 60
27.22 -15.82 25.45 250 40 60
28.48 -15.82 23.85 250 40 60
29.75 -15.82 22.45 250 40 60
31.01 -15.82 21.41 250 40 60
32.28 -15.82 20.80 240 190 40
33.54 -15.82 20.59 240 190 40
34.81 -15.82 20.64 240 190 40
36.08 -15.82 20.77 30 230 140
37.34 -15.82 20.80 30 230 140
38.61 -15.82 20.64 240 190 40
39.87 -15.82 20.31 240 190 40
41.14 -15.82 19.94 240 190 40
42.41 -15.82 19.69 30 230 140
43.67 -15.82 19.72 30 230 140
44.94 -15.82 20.11 240 190 40
46.20 -15.82 20.81 250 40 60
47.47 -15.82 21.68 250 40 60
48.73 -15.82 22.49 250 40 60
50.00 -15.82 23.07 240 190 40
-50.00 -14.56 21.33 30 230 140
-48.73 -14.56 21.33 30 230 140
-47.47 -14.56 21.23 240 190 40
-46.20 -14.56 21.18 30 230 140
-44.94 -14.56 21.34 240 190 40
-43.67 -14.56 21.74 240 190 40
-42.41 -14.56 22.36 250 40 60
-41.14 -14.56 23.02 250 40 60
-39.87 -14.56 23.53 240 190 40
-38.61 -14.56 23.73 30 230 140
-37.34 -14.56 23.55 240 190 40
-36.08 -14.56 23.03 250 40 60
-34.81 -14.56 22.35 250 40 60
-33.54 -14.56 21.72 240 190 40
-32.28 -14.56 21.37 30 230 140
-31.01 -14.56 21.44 240 190 40
-29.75 -14.56 21.94 250 40 60
-28.48 -14.56 22.82 250 40 60
-27.22 -14.56 23.94 250 40 60
-25.95 -14.56 25.15 250 40 60
-24.68 -14.56 26.34 250 40 60
-23.42 -14.56 27.47 250 40 60
-22.15 -14.56 28.54 250 40 60
-20.89 -14.56 29.57 250 40 60
-19.62 -14.56 30.54 250 40 60
-18.35 -14.56 31.40 250 40 60
-17.09 -14.56 32.01 240 190 40
-15.82 -14.56 32.23 240 190 40
-14.56 -14.56 31.92 250 40 60
-13.29 -14.56 31.01 250 40 60
-12.03 -14.56 29.55 250 40 60
-10.76 -14.56 27.71 250 40 60
-9.49 -14.56 25.72 250 40 60
-8.23 -14.56 23.85 250 40 60
-6.96 -14.56 22.30 250 40 60
-5.70 -14.56 21.15 250 40 60
-4.43 -14.56 20.38 250 40 60
-3.16 -14.56 19.87 250 40 60
-1.90 -14.56 19.43 250 40 60
-0.63 -14.56 18.96 250 40 60
0.63 -14.56 18.42 250 40 60
1.90 -14.56 17.89 250 40 60
3.16 -14.56 17.56 250 40 60
4.43 -14.56 17.64 250 40 60
5.70 -14.56 18.27 250 40 60
6.96 -14.56 19.51 250 40 60
8.23 -14.56 21.28 250 40 60
9.49 -14.56 23.40 250 40 60
10.76 -14.56 25.60 250 40 60
12.03 -14.56 27.67 250 40 60
13.29 -14.56 29.42 250 40 60
14.56 -14.56 30.79 250 40 60
15.82 -14.56 31.78 250 40 60
17.09 -14.56 32.43 250 40 60
18.35 -14.56 32.79 30 230 140
19.62 -14.56 32.86 250 40 60
20.89 -14.56 32.60 250 40 60
22.15 -14.56 31.96 250 40 60
23.42 -14.56 30.88 250 40 60
24.68 -14.56 29.39 250 40 60
25.95 -14.56 27.61 250 40 60
27.22 -14.56 25.73 250 40 60
28.48 -14.56 23.97 250 40 60
29.75 -14.56 22.54 250 40 60
31.01 -14.56 21.57 250 40 60
32.28 -14.56 21.08 240 190 40
33.54 -14.56 20.94 240 190 40
34.81 -14.56 20.98 240 190 40
36.08 -14.56 21.00 30 230 140
37.34 -14.56 20.85 30 230 140
38.61 -14.56 20.52 240 190 40
39.87 -14.56 20.08 240 190 40
41.14 -14.56 19.70 240 190 40
42.41 -14.56 19.55 30 230 140
43.67 -14.56 19.75 240 190 40
44.94 -14.56 20.30 250 40 60
46.20 -14.56 21.10 250 40 60
47.47 -14.56 21.95 250 40 60
48.73 -14.56 22.65 240 190 40
50.00 -14.56 23.04 240 190 40
-50.00 -13.29 21.23 30 230 140
-48.73 -13.29 21.09 30 230 140
-47.47 -13.29 20.96 30 230 140
-46.20 -13.29 21.00 30 230 140
-44.94 -13.29 21.29 240 190 40
-43.67 -13.29 21.84 250 40 60
-42.41 -13.29 22.53 250 40 60
-41.14 -13.29 23.16 240 190 40
-39.87 -13.29 23.55 30 230 140
-38.61 -13.29 23.58 240 190 40
-37.34 -13.29 23.24 250 40 60
-36.08 -13.29 22.66 250 40 60
-34.81 -13.29 22.03 250 40 60
-33.54 -13.29 21.59 240 190 40
-32.28 -13.29 21.51 30 230 140
-31.01 -13.29 21.85 250 40 60
-29.75 -13.29 22.59 250 40 60
-28.48 -13.29 23.62 250 40 60
-27.22 -13.29 24.80 250 40 60
-25.95 -13.29 26.00 250 40 60
-24.68 -13.29 27.15 250 40 60
-23.42 -13.29 28.24 250 40 60
-22.15 -13.29 29.27 250 40 60
-20.89 -13.29 30.22 250 40 60
-19.62 -13.29 31.04 250 40 60
-18.35 -13.29 31.63 240 190 40
-17.09 -13.29 31.83 240 190 40
-15.82 -13.29 31.51 250 40 60
-14.56 -13.29 30.59 250 40 60
-13.29 -13.29 29.09 250 40 60
-12.03 -13.29 27.14 250 40 60
-10.76 -13.29 24.98 250 40 60
-9.49 -13.29 22.86 250 40 60
-8.23 -13.29 21.02 250 40 60
-6.96 -13.29 19.60 250 40 60
-5.70 -13.29 18.59 250 40 60
-4.43 -13.29 17.91 250 40 60
-3.16 -13.29 17.38 250 40 60
-1.90 -13.29 16.84 250 40 60
-0.63 -13.29 16.22 250 40 60
0.63 -13.29 15.55 250 40 60
1.90 -13.29 14.99 250 40 60
3.16 -13.29 14.73 250 40 60
4.43 -13.29 14.97 250 40 60
5.70 -13.29 15.81 250 40 60
6.96 -13.29 17.24 250 40 60
8.23 -13.29 19.14 250 40 60
9.49 -13.29 21.29 250 40 60
10.76 -13.29 23.49 250 40 60
12.03 -13.29 25.58 250 40 60
13.29 -13.29 27.45 250 40 60
14.56 -13.29 29.11 250 40 60
15.82 -13.29 30.55 250 40 60
17.09 -13.29 31.79 250 40 60
18.35 -13.29 32.76 250 40 60
19.62 -13.29 33.36 240 190 40
20.89 -13.29 33.44 250 40 60
22.15 -13.29 32.92 250 40 60
23.42 -13.29 31.75 250 40 60
24.68 -13.29 30.05 250 40 60
25.95 -13.29 28.02 250 40 60
27.22 -13.29 25.95 250 40 60
28.48 -13.29 24.12 250 40 60
29.75 -13.29 22.73 250 40 60
31.01 -13.29 21.86 250 40 60
32.28 -13.29 21.46 240 190 40
33.54 -13.29 21.36 240 190 40
34.81 -13.29 21.33 240 190 40
36.08 -13.29 21.20 240 190 40
37.34 -13.29 20.88 240 190 40
38.61 -13.29 20.41 240 190 40
39.87 -13.29 19.92 240 190 40
41.14 -13.29 19.60 30 230 140
42.41 -13.29 19.58 30 230 140
43.67 -13.29 19.94 240 190 40
44.94 -13.29 20.61 250 40 60
46.20 -13.29 21.42 250 40 60
47.47 -13.29 22.16 250 40 60
48.73 -13.29 22.67 240 190 40
50.00 -13.29 22.85 240 190 40
-50.00 -12.03 21.09 30 230 140
-48.73 -12.03 20.87 30 230 140
-47.47 -12.03 20.76 30 230 140
-46.20 -12.03 20.90 240 190 40
-44.94 -12.03 21.32 240 190 40
-43.67 -12.03 21.96 250 40 60
-42.41 -12.03 22.64 250 40 60
-41.14 -12.03 23.16 240 190 40
-39.87 -12.03 23.38 30 230 140
-38.61 -12.03 23.23 240 190 40
-37.34 -12.03 22.78 250 40 60
-36.08 -12.03 22.21 250 40 60
-34.81 -12.03 21.73 240 190 40
-33.54 -12.03 21.54 30 230 140
-32.28 -12.03 21.74 240 190 40
-31.01 -12.03 22.36 250 40 60
-29.75 -12.03 23.30 250 40 60
-28.48 -12.03 24.43 250 40 60
-27.22 -12.03 25.63 250 40 60
-25.95 -12.03 26.81 250 40 60
-24.68 -12.03 27.94 250 40 60
-23.42 -12.03 28.99 250 40 60
-22.15 -12.03 29.97 250 40 60
-20.89 -12.03 30.82 250 40 60
-19.62 -12.03 31.43 240 190 40
-18.35 -12.03 31.66 30 230 140
-17.09 -12.03 31.37 250 40 60
-15.82 -12.03 30.47 250 40 60
-14.56 -12.03 28.94 250 40 60
-13.29 -12.03 26.90 250 40 60
-12.03 -12.03 24.57 250 40 60
-10.76 -12.03 22.22 250 40 60
-9.49 -12.03 20.09 250 40 60
-8.23 -12.03 18.37 250 40 60
-6.96 -12.03 17.12 250 40 60
-5.70 -12.03 16.24 250 40 60
-4.43 -12.03 15.60 250 40 60
-3.16 -12.03 15.01 250 40 60
-1.90 -12.03 14.36 250 40 60
-0.63 -12.03 13.62 250 40 60
0.63 -12.03 12.90 250 40 60
1.90 -12.03 12.39 250 40 60
3.16 -12.03 12.28 250 40 60
4.43 -12.03 12.73 250 40 60
5.70 -12.03 13.77 250 40 60
6.96 -12.03 15.32 250 40 60
8.23 -12.03 17.23 250 40 60
9.49 -12.03 19.30 250 40 60
10.76 -12.03 21.39 250 40 60
12.03 -12.03 23.40 250 40 60
13.29 -12.03 25.35 250 40 60
14.56 -12.03 27.26 250 40 60
15.82 -12.03 29.14 250 40 60
17.09 -12.03 30.93 250 40 60
18.35 -12.03 32.48 250 40 60
19.62 -12.03 33.56 250 40 60
20.89 -12.03 33.96 240 190 40
22.15 -12.03 33.54 250 40 60
23.42 -12.03 32.32 250 40 60
24.68 -12.03 30.48 250 40 60
25.95 -12.03 28.30 250 40 60
27.22 -12.03 26.15 250 40 60
28.48 -12.03 24.33 250 40 60
29.75 -12.03 23.02 250 40 60
31.01 -12.03 22.27 250 40 60
32.28 -12.03 21.93 240 190 40
33.54 -12.03 21.80 240 190 40
34.81 -12.03 21.66 240 190 40
36.08 -12.03 21.37 240 190 40
37.34 -12.03 20.91 240 190 40
38.61 -12.03 20.35 240 190 40
39.87 -12.03 19.88 240 190 40
41.14 -12.03 19.67 30 230 140
42.41 -12.03 19.80 240 190 40
43.67 -12.03 20.28 250 40 60
44.94 -12.03 20.99 250 40 60
46.20 -12.03 21.72 250 40 60
47.47 -12.03 22.28 240 190 40
48.73 -12.03 22.56 30 230 140
50.00 -12.03 22.52 240 190 40
-50.00 -10.76 20.97 240 190 40
-48.73 -10.76 20.71 30 230 140
-47.47 -10.76 20.66 30 230 140
-46.20 -10.76 20.90 240 190 40
-44.94 -10.76 21.41 250 40 60
-43.67 -10.76 22.06 250 40 60
-42.41 -10.76 22.65 240 190 40
-41.14 -10.76 23.01 240 190 40
-39.87 -10.76 23.03 240 190 40
-38.61 -10.76 22.72 250 40 60
-37.34 -10.76 22.23 250 40 60
-36.08 -10.76 21.75 250 40 60
-34.81 -10.76 21.48 30 230 140
-33.54 -10.76 21.57 240 190 40
-32.28 -10.76 22.07 250 40 60
-31.01 -10.76 22.92 250 40 60
-29.75 -10.76 24.00 250 40 60
-28.48 -10.76 25.20 250 40 60
-27.22 -10.76 26.40 250 40 60
-25.95 -10.76 27.57 250 40 60
-24.68 -10.76 28.68 250 40 60
-23.42 -10.76 29.73 250 40 60
-22.15 -10.76 30.66 250 40 60
-20.89 -10.76 31.37 250 40 60
-19.62 -10.76 31.70 30 230 140
-18.35 -10.76 31.51 240 190 40
-17.09 -10.76 30.68 250 40 60
-15.82 -10.76 29.17 250 40 60
-14.56 -10.76 27.08 250 40 60
-13.29 -10.76 24.61 250 40 60
-12.03 -10.76 22.02 250 40 60
-10.76 -10.76 19.59 250 40 60
-9.49 -10.76 17.55 250 40 60
-8.23 -10.76 15.99 250 40 60
-6.96 -10.76 14.89 250 40 60
-5.70 -10.76 14.10 250 40 60
-4.43 -10.76 13.44 250 40 60
-3.16 -10.76 12.76 250 40 60
-1.90 -10.76 11.98 250 40 60
-0.63 -10.76 11.17 250 40 60
0.63 -10.76 10.48 250 40 60
1.90 -10.76 10.10 250 40 60
3.16 -10.76 10.21 250 40 60
4.43 -10.76 10.90 250 40 60
5.70 -10.76 12.11 250 40 60
6.96 -10.76 13.73 250 40 60
8.23 -10.76 15.57 250 40 60
9.49 -10.76 17.48 250 40 60
10.76 -10.76 19.38 250 40 60
12.03 -10.76 21.29 250 40 60
13.29 -10.76 23.27 250 40 60
14.56 -10.76 25.40 250 40 60
15.82 -10.76 27.68 250 40 60
17.09 -10.76 29.96 250 40 60
18.35 -10.76 31.99 250 40 60
19.62 -10.76 33.48 250 40 60
20.89 -10.76 34.14 30 230 140
22.15 -10.76 33.82 250 40 60
23.42 -10.76 32.59 250 40 60
24.68 -10.76 30.68 250 40 60
25.95 -10.76 28.47 250 40 60
27.22 -10.76 26.34 250 40 60
28.48 -10.76 24.60 250 40 60
29.75 -10.76 23.42 250 40 60
31.01 -10.76 22.75 250 40 60
32.28 -10.76 22.42 240 190 40
33.54 -10.76 22.22 240 190 40
34.81 -10.76 21.94 240 190 40
36.08 -10.76 21.50 240 190 40
37.34 -10.76 20.93 240 190 40
38.61 -10.76 20.37 240 190 40
39.87 -10.76 19.98 240 190 40
41.14 -10.76 19.91 240 190 40
42.41 -10.76 20.18 250 40 60
43.67 -10.76 20.74 250 40 60
44.94 -10.76 21.40 250 40 60
46.20 -10.76 21.97 240 190 40
47.47 -10.76 22.29 30 230 140
48.73 -10.76 22.31 240 190 40
50.00 -10.76 22.09 240 190 40
-50.00 -9.49 20.87 30 230 140
-48.73 -9.49 20.63 30 230 140
-47.47 -9.49 20.66 30 230 140
-46.20 -9.49 20.99 240 190 40
-44.94 -9.49 21.53 240 190 40
-43.67 -9.49 22.12 240 190 40
-42.41 -9.49 22.55 240 190 40
-41.14 -9.49 22.69 240 190 40
-39.87 -9.49 22.52 250 40 60
-38.61 -9.49 22.11 250 40 60
-37.34 -9.49 21.64 250 40 60
-36.08 -9.49 21.31 240 190 40
-34.81 -9.49 21.31 30 230 140
-33.54 -9.49 21.69 250 40 60
-32.28 -9.49 22.45 250 40 60
-31.01 -9.49 23.47 250 40 60
-29.75 -9.49 24.65 250 40 60
-28.48 -9.49 25.87 250 40 60
-27.22 -9.49 27.08 250 40 60
-25.95 -9.49 28.26 250 40 60
-24.68 -9.49 29.40 250 40 60
-23.42 -9.49 30.46 250 40 60
-22.15 -9.49 31.34 250 40 60
-20.89 -9.49 31.87 240 190 40
-19.62 -9.49 31.88 240 190 40
-18.35 -9.49 31.21 250 40 60
-17.09 -9.49 29.81 250 40 60
-15.82 -9.49 27.73 250 40 60
-14.56 -9.49 25.15 250 40 60
-13.29 -9.49 22.34 250 40 60
-12.03 -9.49 19.61 250 40 60
-10.76 -9.49 17.21 250 40 60
-9.49 -9.49 15.30 250 40 60
-8.23 -9.49 13.90 250 40 60
-6.96 -9.49 12.90 250 40 60
-5.70 -9.49 12.13 250 40 60
-4.43 -9.49 11.39 250 40 60
-3.16 -9.49 10.58 250 40 60
-1.90 -9.49 9.71 250 40 60
-0.63 -9.49 8.88 250 40 60
0.63 -9.49 8.30 250 40 60
1.90 -9.49 8.13 250 40 60
3.16 -9.49 8.51 250 40 60
4.43 -9.49 9.43 250 40 60
5.70 -9.49 10.79 250 40 60
6.96 -9.49 12.42 250 40 60
8.23 -9.49 14.13 250 40 60
9.49 -9.49 15.84 250 40 60
10.76 -9.49 17.54 250 40 60
12.03 -9.49 19.33 250 40 60
13.29 -9.49 21.35 250 40 60
14.56 -9.49 23.68 250 40 60
15.82 -9.49 26.28 250 40 60
17.09 -9.49 28.94 250 40 60
18.35 -9.49 31.35 250 40 60
19.62 -9.49 33.14 250 40 60
20.89 -9.49 33.98 240 190 40
22.15 -9.49 33.77 250 40 60
23.42 -9.49 32.58 250 40 60
24.68 -9.49 30.70 250 40 60
25.95 -9.49 28.56 250 40 60
27.22 -9.49 26.55 250 40 60
28.48 -9.49 24.95 250 40 60
29.75 -9.49 23.88 250 40 60
31.01 -9.49 23.26 250 40 60
32.28 -9.49 22.89 240 190 40
33.54 -9.49 22.57 240 190 40
34.81 -9.49 22.15 240 190 40
36.08 -9.49 21.59 250 40 60
37.34 -9.49 20.98 240 190 40
38.61 -9.49 20.47 240 190 40
39.87 -9.49 20.22 240 190 40
41.14 -9.49 20.31 240 190 40
42.41 -9.49 20.69 250 40 60
43.67 -9.49 21.25 250 40 60
44.94 -9.49 21.79 240 190 40
46.20 -9.49 22.13 30 230 140
47.47 -9.49 22.19 30 230 140
48.73 -9.49 21.97 240 190 40
50.00 -9.49 21.61 250 40 60
-50.00 -8.23 20.84 30 230 140
-48.73 -8.23 20.66 30 230 140
-47.47 -8.23 20.78 240 190 40
-46.20 -8.23 21.16 240 190 40
-44.94 -8.23 21.66 240 190 40
-43.67 -8.23 22.11 240 190 40
-42.41 -8.23 22.33 240 190 40
-41.14 -8.23 22.24 240 190 40
-39.87 -8.23 21.90 250 40 60
-38.61 -8.23 21.44 250 40 60
-37.34 -8.23 21.07 250 40 60
-36.08 -8.23 20.96 240 190 40
-34.81 -8.23 21.22 240 190 40
-33.54 -8.23 21.87 250 40 60
-32.28 -8.23 22.83 250 40 60
-31.01 -8.23 23.98 250 40 60
-29.75 -8.23 25.20 250 40 60
-28.48 -8.23 26.43 250 40 60
-27.22 -8.23 27.67 250 40 60
-25.95 -8.23 28.90 250 40 60
-24.68 -8.23 30.10 250 40 60
-23.42 -8.23 31.19 250 40 60
-22.15 -8.23 32.00 250 40 60
-20.89 -8.23 32.32 240 190 40
-19.62 -8.23 31.96 250 40 60
-18.35 -8.23 30.79 250 40 60
-17.09 -8.23 28.83 250 40 60
-15.82 -8.23 26.22 250 40 60
-14.56 -8.23 23.25 250 40 60
-13.29 -8.23 20.22 250 40 60
-12.03 -8.23 17.45 250 40 60
-10.76 -8.23 15.14 250 40 60
-9.49 -8.23 13.38 250 40 60
-8.23 -8.23 12.10 250 40 60
-6.96 -8.23 11.13 250 40 60
-5.70 -8.23 10.28 250 40 60
-4.43 -8.23 9.41 250 40 60
-3.16 -8.23 8.48 250 40 60
-1.90 -8.23 7.54 250 40 60
-0.63 -8.23 6.77 250 40 60
0.63 -8.23 6.37 250 40 60
1.90 -8.23 6.47 250 40 60
3.16 -8.23 7.13 250 40 60
4.43 -8.23 8.27 250 40 60
5.70 -8.23 9.72 250 40 60
6.96 -8.23 11.30 250 40 60
8.23 -8.23 12.86 250 40 60
9.49 -8.23 14.37 250 40 60
10.76 -8.23 15.90 250 40 60
12.03 -8.23 17.62 250 40 60
13.29 -8.23 19.69 250 40 60
14.56 -8.23 22.18 250 40 60
15.82 -8.23 25.02 250 40 60
17.09 -8.23 27.96 250 40 60
18.35 -8.23 30.61 250 40 60
19.62 -8.23 32.57 250 40 60
20.89 -8.23 33.55 250 40 60
22.15 -8.23 33.43 250 40 60
23.42 -8.23 32.34 250 40 60
24.68 -8.23 30.60 250 40 60
25.95 -8.23 28.62 250 40 60
27.22 -8.23 26.80 250 40 60
28.48 -8.23 25.36 250 40 60
29.75 -8.23 24.38 250 40 60
31.01 -8.23 23.75 250 40 60
32.28 -8.23 23.30 240 190 40
33.54 -8.23 22.84 240 190 40
34.81 -8.23 22.28 250 40 60
36.08 -8.23 21.65 250 40 60
37.34 -8.23 21.07 240 190 40
38.61 -8.23 20.68 240 190 40
39.87 -8.23 20.60 240 190 40
41.14 -8.23 20.83 250 40 60
42.41 -8.23 21.28 250 40 60
43.67 -8.23 21.77 250 40 60
44.94 -8.23 22.12 240 190 40
46.20 -8.23 22.20 30 230 140
47.47 -8.23 21.98 240 190 40
48.73 -8.23 21.57 250 40 60
50.00 -8.23 21.13 250 40 60
-50.00 -6.96 20.90 30 230 140
-48.73 -6.96 20.80 30 230 140
-47.47 -6.96 20.99 240 190 40
-46.20 -6.96 21.37 240 190 40
-44.94 -6.96 21.77 240 190 40
-43.67 -6.96 22.01 30 230 140
-42.41 -6.96 21.99 240 190 40
-41.14 -6.96 21.69 250 40 60
-39.87 -6.96 21.23 250 40 60
-38.61 -6.96 20.80 250 40 60
-37.34 -6.96 20.57 240 190 40
-36.08 -6.96 20.70 240 190 40
-34.81 -6.96 21.23 250 40 60
-33.54 -6.96 22.09 250 40 60
-32.28 -6.96 23.19 250 40 60
-31.01 -6.96 24.39 250 40 60
-29.75 -6.96 25.62 250 40 60
-28.48 -6.96 26.87 250 40 60
-27.22 -6.96 28.15 250 40 60
-25.95 -6.96 29.48 250 40 60
-24.68 -6.96 30.79 250 40 60
-23.42 -6.96 31.92 250 40 60
-22.15 -6.96 32.65 250 40 60
-20.89 -6.96 32.72 240 190 40
-19.62 -6.96 31.95 250 40 60
-18.35 -6.96 30.27 250 40 60
-17.09 -6.96 27.79 250 40 60
-15.82 -6.96 24.74 250 40 60
-14.56 -6.96 21.48 250 40 60
-13.29 -6.96 18.35 250 40 60
-12.03 -6.96 15.61 250 40 60
-10.76 -6.96 13.43 250 40 60
-9.49 -6.96 11.78 250 40 60
-8.23 -6.96 10.55 250 40 60
-6.96 -6.96 9.53 250 40 60
-5.70 -6.96 8.55 250 40 60
-4.43 -6.96 7.52 250 40 60
-3.16 -6.96 6.47 250 40 60
-1.90 -6.96 5.52 250 40 60
-0.63 -6.96 4.88 250 40 60
0.63 -6.96 4.71 250 40 60
1.90 -6.96 5.10 250 40 60
3.16 -6.96 6.03 250 40 60
4.43 -6.96 7.34 250 40 60
5.70 -6.96 8.83 250 40 60
6.96 -6.96 10.33 250 40 60
8.23 -6.96 11.73 250 40 60
9.49 -6.96 13.07 250 40 60
10.76 -6.96 14.49 250 40 60
12.03 -6.96 16.19 250 40 60
13.29 -6.96 18.33 250 40 60
14.56 -6.96 20.96 250 40 60
15.82 -6.96 23.97 250 40 60
17.09 -6.96 27.05 250 40 60
18.35 -6.96 29.81 250 40 60
19.62 -6.96 31.85 250 40 60
20.89 -6.96 32.90 250 40 60
22.15 -6.96 32.88 250 40 60
23.42 -6.96 31.95 250 40 60
24.68 -6.96 30.42 250 40 60
25.95 -6.96 28.69 250 40 60
27.22 -6.96 27.08 250 40 60
28.48 -6.96 25.80 250 40 60
29.75 -6.96 24.87 250 40 60
31.01 -6.96 24.19 250 40 60
32.28 -6.96 23.60 250 40 60
33.54 -6.96 22.99 250 40 60
34.81 -6.96 22.33 250 40 60
36.08 -6.96 21.70 240 190 40
37.34 -6.96 21.22 240 190 40
38.61 -6.96 21.00 240 190 40
39.87 -6.96 21.10 240 190 40
41.14 -6.96 21.45 250 40 60
42.41 -6.96 21.89 250 40 60
43.67 -6.96 22.24 240 190 40
44.94 -6.96 22.35 30 230 140
46.20 -6.96 22.16 240 190 40
47.47 -6.96 21.71 240 190 40
48.73 -6.96 21.16 250 40 60
50.00 -6.96 20.70 250 40 60
-50.00 -5.70 21.04 30 230 140
-48.73 -5.70 21.04 240 190 40
-47.47 -5.70 21.27 240 190 40
-46.20 -5.70 21.59 240 190 40
-44.94 -5.70 21.82 30 230 140
-43.67 -5.70 21.82 30 230 140
-42.41 -5.70 21.56 250 40 60
-41.14 -5.70 21.09 250 40 60
-39.87 -5.70 20.58 250 40 60
-38.61 -5.70 20.23 240 190 40
-37.34 -5.70 20.20 240 190 40
-36.08 -5.70 20.57 240 190 40
-34.81 -5.70 21.31 250 40 60
-33.54 -5.70 22.32 250 40 60
-32.28 -5.70 23.47 250 40 60
-31.01 -5.70 24.66 250 40 60
-29.75 -5.70 25.89 250 40 60
-28.48 -5.70 27.17 250 40 60
-27.22 -5.70 28.55 250 40 60
-25.95 -5.70 30.02 250 40 60
-24.68 -5.70 31.46 250 40 60
-23.42 -5.70 32.64 250 40 60
-22.15 -5.70 33.25 250 40 60
-20.89 -5.70 33.05 250 40 60
-19.62 -5.70 31.85 250 40 60
-18.35 -5.70 29.69 250 40 60
-17.09 -5.70 26.75 250 40 60
-15.82 -5.70 23.37 250 40 60
-14.56 -5.70 19.93 250 40 60
-13.29 -5.70 16.78 250 40 60
-12.03 -5.70 14.14 250 40 60
-10.76 -5.70 12.07 250 40 60
-9.49 -5.70 10.50 250 40 60
-8.23 -5.70 9.24 250 40 60
-6.96 -5.70 8.10 250 40 60
-5.70 -5.70 6.94 250 40 60
-4.43 -5.70 5.75 250 40 60
-3.16 -5.70 4.61 250 40 60
-1.90 -5.70 3.71 250 40 60
-0.63 -5.70 3.25 250 40 60
0.63 -5.70 3.35 250 40 60
1.90 -5.70 4.02 250 40 60
3.16 -5.70 5.16 250 40 60
4.43 -5.70 6.58 250 40 60
5.70 -5.70 8.06 250 40 60
6.96 -5.70 9.44 250 40 60
8.23 -5.70 10.71 250 40 60
9.49 -5.70 11.94 250 40 60
10.76 -5.70 13.32 250 40 60
12.03 -5.70 15.06 250 40 60
13.29 -5.70 17.30 250 40 60
14.56 -5.70 20.05 250 40 60
15.82 -5.70 23.13 250 40 60
17.09 -5.70 26.23 250 40 60
18.35 -5.70 28.99 250 40 60
19.62 -5.70 31.02 250 40 60
20.89 -5.70 32.12 250 40 60
22.15 -5.70 32.22 250 40 60
23.42 -5.70 31.50 250 40 60
24.68 -5.70 30.25 250 40 60
25.95 -5.70 28.79 250 40 60
27.22 -5.70 27.41 250 40 60
28.48 -5.70 26.24 250 40 60
29.75 -5.70 25.31 250 40 60
31.01 -5.70 24.52 250 40 60
32.28 -5.70 23.78 250 40 60
33.54 -5.70 23.04 250 40 60
34.81 -5.70 22.33 250 40 60
36.08 -5.70 21.76 240 190 40
37.34 -5.70 21.43 240 190 40
38.61 -5.70 21.42 240 190 40
39.87 -5.70 21.67 250 40 60
41.14 -5.70 22.08 250 40 60
42.41 -5.70 22.45 240 190 40
43.67 -5.70 22.62 240 190 40
44.94 -5.70 22.47 240 190 40
46.20 -5.70 22.02 240 190 40
47.47 -5.70 21.39 250 40 60
48.73 -5.70 20.78 250 40 60
50.00 -5.70 20.37 240 190 40
-50.00 -4.43 21.28 240 190 40
-48.73 -4.43 21.36 240 190 40
-47.47 -4.43 21.58 240 190 40
-46.20 -4.43 21.78 30 230 140
-44.94 -4.43 21.80 30 230 140
-43.67 -4.43 21.55 240 190 40
-42.41 -4.43 21.07 250 40 60
-41.14 -4.43 20.49 250 40 60
-39.87 -4.43 20.00 250 40 60
-38.61 -4.43 19.79 240 190 40
-37.34 -4.43 19.97 240 190 40
-36.08 -4.43 20.55 250 40 60
-34.81 -4.43 21.44 250 40 60
-33.54 -4.43 22.50 250 40 60
-32.28 -4.43 23.64 250 40 60
-31.01 -4.43 24.80 250 40 60
-29.75 -4.43 26.02 250 40 60
-28.48 -4.43 27.36 250 40 60
-27.22 -4.43 28.89 250 40 60
-25.95 -4.43 30.54 250 40 60
-24.68 -4.43 32.11 250 40 60
-23.42 -4.43 33.32 250 40 60
-22.15 -4.43 33.80 240 190 40
-20.89 -4.43 33.29 250 40 60
-19.62 -4.43 31.69 250 40 60
-18.35 -4.43 29.09 250 40 60
-17.09 -4.43 25.78 250 40 60
-15.82 -4.43 22.17 250 40 60
-14.56 -4.43 18.66 250 40 60
-13.29 -4.43 15.57 250 40 60
-12.03 -4.43 13.04 250 40 60
-10.76 -4.43 11.07 250 40 60
-9.49 -4.43 9.51 250 40 60
-8.23 -4.43 8.15 250 40 60
-6.96 -4.43 6.83 250 40 60
-5.70 -4.43 5.48 250 40 60
-4.43 -4.43 4.14 250 40 60
-3.16 -4.43 2.98 250 40 60
-1.90 -4.43 2.19 250 40 60
-0.63 -4.43 1.95 250 40 60
0.63 -4.43 2.31 250 40 60
1.90 -4.43 3.22 250 40 60
3.16 -4.43 4.51 250 40 60
4.43 -4.43 5.95 250 40 60
5.70 -4.43 7.36 250 40 60
6.96 -4.43 8.63 250 40 60
8.23 -4.43 9.80 250 40 60
9.49 -4.43 10.99 250 40 60
10.76 -4.43 12.42 250 40 60
12.03 -4.43 14.26 250 40 60
13.29 -4.43 16.61 250 40 60
14.56 -4.43 19.42 250 40 60
15.82 -4.43 22.49 250 40 60
17.09 -4.43 25.53 250 40 60
18.35 -4.43 28.19 250 40 60
19.62 -4.43 30.17 250 40 60
20.89 -4.43 31.29 250 40 60
22.15 -4.43 31.55 250 40 60
23.42 -4.43 31.08 250 40 60
24.68 -4.43 30.13 250 40 60
25.95 -4.43 28.95 250 40 60
27.22 -4.43 27.75 250 40 60
28.48 -4.43 26.65 250 40 60
29.75 -4.43 25.65 250 40 60
31.01 -4.43 24.72 250 40 60
32.28 -4.43 23.82 250 40 60
33.54 -4.43 22.99 250 40 60
34.81 -4.43 22.30 240 190 40
36.08 -4.43 21.85 240 190 40
37.34 -4.43 21.72 240 190 40
38.61 -4.43 21.89 240 190 40
39.87 -4.43 22.27 250 40 60
41.14 -4.43 22.67 250 40 60
42.41 -4.43 22.92 240 190 40
43.67 -4.43 22.86 240 190 40
44.94 -4.43 22.46 240 190 40
46.20 -4.43 21.81 250 40 60
47.47 -4.43 21.09 250 40 60
48.73 -4.43 20.49 240 190 40
50.00 -4.43 20.16 240 190 40
-50.00 -3.16 21.58 240 190 40
-48.73 -3.16 21.72 240 190 40
-47.47 -3.16 21.89 240 190 40
-46.20 -3.16 21.92 30 230 140
-44.94 -3.16 21.70 240 190 40
-43.67 -3.16 21.22 250 40 60
-42.41 -3.16 20.58 250 40 60
-41.14 -3.16 19.96 250 40 60
-39.87 -3.16 19.56 240 190 40
-38.61 -3.16 19.52 30 230 140
-37.34 -3.16 19.90 240 190 40
-36.08 -3.16 20.63 250 40 60
-34.81 -3.16 21.58 250 40 60
-33.54 -3.16 22.63 250 40 60
-32.28 -3.16 23.69 250 40 60
-31.01 -3.16 24.79 250 40 60
-29.75 -3.16 26.01 250 40 60
-28.48 -3.16 27.47 250 40 60
-27.22 -3.16 29.17 250 40 60
-25.95 -3.16 31.02 250 40 60
-24.68 -3.16 32.73 250 40 60
-23.42 -3.16 33.93 250 40 60
-22.15 -3.16 34.25 240 190 40
-20.89 -3.16 33.44 250 40 60
-19.62 -3.16 31.45 250 40 60
-18.35 -3.16 28.49 250 40 60
-17.09 -3.16 24.93 250 40 60
-15.82 -3.16 21.20 250 40 60
-14.56 -3.16 17.72 250 40 60
-13.29 -3.16 14.74 250 40 60
-12.03 -3.16 12.33 250 40 60
-10.76 -3.16 10.41 250 40 60
-9.49 -3.16 8.79 250 40 60
-8.23 -3.16 7.28 250 40 60
-6.96 -3.16 5.76 250 40 60
-5.70 -3.16 4.22 250 40 60
-4.43 -3.16 2.79 250 40 60
-3.16 -3.16 1.66 250 40 60
-1.90 -3.16 1.03 250 40 60
-0.63 -3.16 1.02 250 40 60
0.63 -3.16 1.61 250 40 60
1.90 -3.16 2.69 250 40 60
3.16 -3.16 4.04 250 40 60
4.43 -3.16 5.44 250 40 60
5.70 -3.16 6.74 250 40 60
6.96 -3.16 7.91 250 40 60
8.23 -3.16 9.02 250 40 60
9.49 -3.16 10.25 250 40 60
10.76 -3.16 11.79 250 40 60
12.03 -3.16 13.76 250 40 60
13.29 -3.16 16.21 250 40 60
14.56 -3.16 19.04 250 40 60
15.82 -3.16 22.04 250 40 60
17.09 -3.16 24.94 250 40 60
18.35 -3.16 27.46 250 40 60
19.62 -3.16 29.36 250 40 60
20.89 -3.16 30.53 250 40 60
22.15 -3.16 30.96 240 190 40
23.42 -3.16 30.76 240 190 40
24.68 -3.16 30.10 250 40 60
25.95 -3.16 29.16 250 40 60
27.22 -3.16 28.09 250 40 60
28.48 -3.16 26.98 250 40 60
29.75 -3.16 25.87 250 40 60
31.01 -3.16 24.77 250 40 60
32.28 -3.16 23.74 250 40 60
33.54 -3.16 22.87 250 40 60
34.81 -3.16 22.25 240 190 40
36.08 -3.16 21.98 30 230 140
37.34 -3.16 22.05 240 190 40
38.61 -3.16 22.39 250 40 60
39.87 -3.16 22.83 250 40 60
41.14 -3.16 23.17 240 190 40
42.41 -3.16 23.24 30 230 140
43.67 -3.16 22.95 240 190 40
44.94 -3.16 22.34 250 40 60
46.20 -3.16 21.57 250 40 60
47.47 -3.16 20.83 250 40 60
48.73 -3.16 20.30 240 190 40
50.00 -3.16 20.10 30 230 140
-50.00 -1.90 21.92 240 190 40
-48.73 -1.90 22.07 240 190 40
-47.47 -1.90 22.13 30 230 140
-46.20 -1.90 21.97 240 190 40
-44.94 -1.90 21.52 250 40 60
-43.67 -1.90 20.86 250 40 60
-42.41 -1.90 20.14 250 40 60
-41.14 -1.90 19.55 240 190 40
-39.87 -1.90 19.29 30 230 140
-38.61 -1.90 19.44 240 190 40
-37.34 -1.90 19.97 250 40 60
-36.08 -1.90 20.78 250 40 60
-34.81 -1.90 21.71 250 40 60
-33.54 -1.90 22.67 250 40 60
-32.28 -1.90 23.62 250 40 60
-31.01 -1.90 24.66 250 40 60
-29.75 -1.90 25.92 250 40 60
-28.48 -1.90 27.51 250 40 60
-27.22 -1.90 29.41 250 40 60
-25.95 -1.90 31.45 250 40 60
-24.68 -1.90 33.27 250 40 60
-23.42 -1.90 34.44 250 40 60
-22.15 -1.90 34.58 240 190 40
-20.89 -1.90 33.48 250 40 60
-19.62 -1.90 31.18 250 40 60
-18.35 -1.90 27.96 250 40 60
-17.09 -1.90 24.25 250 40 60
-15.82 -1.90 20.52 250 40 60
-14.56 -1.90 17.14 250 40 60
-13.29 -1.90 14.29 250 40 60
-12.03 -1.90 11.98 250 40 60
-10.76 -1.90 10.06 250 40 60
-9.49 -1.90 8.33 250 40 60
-8.23 -1.90 6.63 250 40 60
-6.96 -1.90 4.90 250 40 60
-5.70 -1.90 3.22 250 40 60
-4.43 -1.90 1.76 250 40 60
-3.16 -1.90 0.73 250 40 60
-1.90 -1.90 0.29 240 190 40
-0.63 -1.90 0.49 240 190 40
0.63 -1.90 1.26 250 40 60
1.90 -1.90 2.41 250 40 60
3.16 -1.90 3.73 250 40 60
4.43 -1.90 5.03 250 40 60
5.70 -1.90 6.20 250 40 60
6.96 -1.90 7.29 250 40 60
8.23 -1.90 8.41 250 40 60
9.49 -1.90 9.74 250 40 60
10.76 -1.90 11.43 250 40 60
12.03 -1.90 13.56 250 40 60
13.29 -1.90 16.09 250 40 60
14.56 -1.90 18.89 250 40 60
15.82 -1.90 21.76 250 40 60
17.09 -1.90 24.47 250 40 60
18.35 -1.90 26.83 250 40 60
19.62 -1.90 28.67 250 40 60
20.89 -1.90 29.90 250 40 60
22.15 -1.90 30.52 240 190 40
23.42 -1.90 30.59 30 230 140
24.68 -1.90 30.18 250 40 60
25.95 -1.90 29.42 250 40 60
27.22 -1.90 28.40 250 40 60
28.48 -1.90 27.21 250 40 60
29.75 -1.90 25.94 250 40 60
31.01 -1.90 24.69 250 40 60
32.28 -1.90 23.57 250 40 60
33.54 -1.90 22.71 250 40 60
34.81 -1.90 22.23 240 190 40
36.08 -1.90 22.14 30 230 140
37.34 -1.90 22.40 240 190 40
38.61 -1.90 22.86 250 40 60
39.87 -1.90 23.29 240 190 40
41.14 -1.90 23.51 30 230 140
42.41 -1.90 23.38 240 190 40
43.67 -1.90 22.89 250 40 60
44.94 -1.90 22.14 250 40 60
46.20 -1.90 21.33 250 40 60
47.47 -1.90 20.65 240 190 40
48.73 -1.90 20.26 30 230 140
50.00 -1.90 20.18 30 230 140
-50.00 -0.63 22.25 240 190 40
-48.73 -0.63 22.37 30 230 140
-47.47 -0.63 22.29 30 230 140
-46.20 -0.63 21.93 240 190 40
-44.94 -0.63 21.29 250 40 60
-43.67 -0.63 20.51 250 40 60
-42.41 -0.63 19.79 250 40 60
-41.14 -0.63 19.32 240 190 40
-39.87 -0.63 19.23 30 230 140
-38.61 -0.63 19.54 240 190 40
-37.34 -0.63 20.17 250 40 60
-36.08 -0.63 20.97 250 40 60
-34.81 -0.63 21.81 250 40 60
-33.54 -0.63 22.61 250 40 60
-32.28 -0.63 23.44 250 40 60
-31.01 -0.63 24.43 250 40 60
-29.75 -0.63 25.75 250 40 60
-28.48 -0.63 27.50 250 40 60
-27.22 -0.63 29.61 250 40 60
-25.95 -0.63 31.82 250 40 60
-24.68 -0.63 33.71 250 40 60
-23.42 -0.63 34.81 250 40 60
-22.15 -0.63 34.76 250 40 60
-20.89 -0.63 33.42 250 40 60
-19.62 -0.63 30.89 250 40 60
-18.35 -0.63 27.53 250 40 60
-17.09 -0.63 23.80 250 40 60
-15.82 -0.63 20.17 250 40 60
-14.56 -0.63 16.93 250 40 60
-13.29 -0.63 14.22 250 40 60
-12.03 -0.63 11.96 250 40 60
-10.76 -0.63 9.99 250 40 60
-9.49 -0.63 8.10 250 40 60
-8.23 -0.63 6.21 250 40 60
-6.96 -0.63 4.31 250 40 60
-5.70 -0.63 2.55 250 40 60
-4.43 -0.63 1.14 250 40 60
-3.16 -0.63 0.25 250 40 60
-1.90 -0.63 0.00 30 230 140
-0.63 -0.63 0.37 250 40 60
0.63 -0.63 1.23 250 40 60
1.90 -0.63 2.37 250 40 60
3.16 -0.63 3.58 250 40 60
4.43 -0.63 4.72 250 40 60
5.70 -0.63 5.78 250 40 60
6.96 -0.63 6.82 250 40 60
8.23 -0.63 8.01 250 40 60
9.49 -0.63 9.49 250 40 60
10.76 -0.63 11.36 250 40 60
12.03 -0.63 13.62 250 40 60
13.29 -0.63 16.18 250 40 60
14.56 -0.63 18.91 250 40 60
15.82 -0.63 21.61 250 40 60
17.09 -0.63 24.14 250 40 60
18.35 -0.63 26.35 250 40 60
19.62 -0.63 28.16 250 40 60
20.89 -0.63 29.49 250 40 60
22.15 -0.63 30.30 240 190 40
23.42 -0.63 30.60 30 230 140
24.68 -0.63 30.38 240 190 40
25.95 -0.63 29.70 250 40 60
27.22 -0.63 28.64 250 40 60
28.48 -0.63 27.32 250 40 60
29.75 -0.63 25.87 250 40 60
31.01 -0.63 24.48 250 40 60
32.28 -0.63 23.33 250 40 60
33.54 -0.63 22.55 240 190 40
34.81 -0.63 22.23 30 230 140
36.08 -0.63 22.34 240 190 40
37.34 -0.63 22.74 240 190 40
38.61 -0.63 23.25 240 190 40
39.87 -0.63 23.61 240 190 40
41.14 -0.63 23.67 30 230 140
42.41 -0.63 23.35 240 190 40
43.67 -0.63 22.70 250 40 60
44.94 -0.63 21.89 250 40 60
46.20 -0.63 21.13 250 40 60
47.47 -0.63 20.59 240 190 40
48.73 -0.63 20.35 30 230 140
50.00 -0.63 20.39 30 230 140
-50.00 0.63 22.54 30 230 140
-48.73 0.63 22.58 30 230 140
-47.47 0.63 22.34 240 190 40
-46.20 0.63 21.80 250 40 60
-44.94 0.63 21.03 250 40 60
-43.67 0.63 20.23 250 40 60
-42.41 0.63 19.58 240 190 40
-41.14 0.63 19.27 30 230 140
-39.87 0.63 19.36 240 190 40
-38.61 0.63 19.80 250 40 60
-37.34 0.63 20.46 250 40 60
-36.08 0.63 21.18 250 40 60
-34.81 0.63 21.84 250 40 60
-33.54 0.63 22.47 250 40 60
-32.28 0.63 23.17 250 40 60
-31.01 0.63 24.14 250 40 60
-29.75 0.63 25.56 250 40 60
-28.48 0.63 27.47 250 40 60
-27.22 0.63 29.76 250 40 60
-25.95 0.63 32.09 250 40 60
-24.68 0.63 33.99 250 40 60
-23.42 0.63 35.00 240 190 40
-22.15 0.63 34.79 250 40 60
-20.89 0.63 33.26 250 40 60
-19.62 0.63 30.62 250 40 60
-18.35 0.63 27.24 250 40 60
-17.09 0.63 23.62 250 40 60
-15.82 0.63 20.15 250 40 60
-14.56 0.63 17.09 250 40 60
-13.29 0.63 14.49 250 40 60
-12.03 0.63 12.24 250 40 60
-10.76 0.63 10.17 250 40 60
-9.49 0.63 8.11 250 40 60
-8.23 0.63 6.04 250 40 60
-6.96 0.63 4.04 250 40 60
-5.70 0.63 2.27 250 40 60
-4.43 0.63 0.96 250 40 60
-3.16 0.63 0.24 240 190 40
-1.90 0.63 0.17 240 190 40
-0.63 0.63 0.65 250 40 60
0.63 0.63 1.51 250 40 60
1.90 0.63 2.54 250 40 60
3.16 0.63 3.58 250 40 60
4.43 0.63 4.55 250 40 60
5.70 0.63 5.50 250 40 60
6.96 0.63 6.55 250 40 60
8.23 0.63 7.85 250 40 60
9.49 0.63 9.50 250 40 60
10.76 0.63 11.54 250 40 60
12.03 0.63 13.90 250 40 60
13.29 0.63 16.46 250 40 60
14.56 0.63 19.06 250 40 60
15.82 0.63 21.59 250 40 60
17.09 0.63 23.95 250 40 60
18.35 0.63 26.07 250 40 60
19.62 0.63 27.89 250 40 60
20.89 0.63 29.33 250 40 60
22.15 0.63 30.33 250 40 60
23.42 0.63 30.79 240 190 40
24.68 0.63 30.66 240 190 40
25.95 0.63 29.97 250 40 60
27.22 0.63 28.79 250 40 60
28.48 0.63 27.29 250 40 60
29.75 0.63 25.68 250 40 60
31.01 0.63 24.20 250 40 60
32.28 0.63 23.06 250 40 60
33.54 0.63 22.41 240 190 40
34.81 0.63 22.26 30 230 140
36.08 0.63 22.54 240 190 40
37.34 0.63 23.03 240 190 40
38.61 0.63 23.51 240 190 40
39.87 0.63 23.75 30 230 140
41.14 0.63 23.63 240 190 40
42.41 0.63 23.14 250 40 60
43.67 0.63 22.41 250 40 60
44.94 0.63 21.64 250 40 60
46.20 0.63 21.00 240 190 40
47.47 0.63 20.64 30 230 140
48.73 0.63 20.56 30 230 140
50.00 0.63 20.67 240 190 40
-50.00 1.90 22.74 30 230 140
-48.73 1.90 22.67 30 230 140
-47.47 1.90 22.28 240 190 40
-46.20 1.90 21.60 250 40 60
-44.94 1.90 20.78 250 40 60
-43.67 1.90 20.04 250 40 60
-42.41 1.90 19.55 240 190 40
-41.14 1.90 19.43 30 230 140
-39.87 1.90 19.68 240 190 40
-38.61 1.90 20.19 250 40 60
-37.34 1.90 20.79 250 40 60
-36.08 1.90 21.35 240 190 40
-34.81 1.90 21.82 240 190 40
-33.54 1.90 22.26 240 190 40
-32.28 1.90 22.86 250 40 60
-31.01 1.90 23.84 250 40 60
-29.75 1.90 25.36 250 40 60
-28.48 1.90 27.42 250 40 60
-27.22 1.90 29.84 250 40 60
-25.95 1.90 32.22 250 40 60
-24.68 1.90 34.08 250 40 60
-23.42 1.90 34.99 240 190 40
-22.15 1.90 34.64 250 40 60
-20.89 1.90 33.04 250 40 60
-19.62 1.90 30.41 250 40 60
-18.35 1.90 27.15 250 40 60
-17.09 1.90 23.72 250 40 60
-15.82 1.90 20.48 250 40 60
-14.56 1.90 17.59 250 40 60
-13.29 1.90 15.07 250 40 60
-12.03 1.90 12.78 250 40 60
-10.76 1.90 10.57 250 40 60
-9.49 1.90 8.36 250 40 60
-8.23 1.90 6.16 250 40 60
-6.96 1.90 4.11 250 40 60
-5.70 1.90 2.42 250 40 60
-4.43 1.90 1.26 250 40 60
-3.16 1.90 0.72 250 40 60
-1.90 1.90 0.77 250 40 60
-0.63 1.90 1.28 250 40 60
0.63 1.90 2.05 250 40 60
1.90 1.90 2.90 250 40 60
3.16 1.90 3.72 250 40 60
4.43 1.90 4.53 250 40 60
5.70 1.90 5.41 250 40 60
6.96 1.90 6.51 250 40 60
8.23 1.90 7.94 250 40 60
9.49 1.90 9.77 250 40 60
10.76 1.90 11.95 250 40 60
12.03 1.90 14.36 250 40 60
13.29 1.90 16.87 250 40 60
14.56 1.90 19.34 250 40 60
15.82 1.90 21.71 250 40 60
17.09 1.90 23.94 250 40 60
18.35 1.90 26.02 250 40 60
19.62 1.90 27.89 250 40 60
20.89 1.90 29.46 250 40 60
22.15 1.90 30.59 250 40 60
23.42 1.90 31.13 240 190 40
24.68 1.90 31.00 240 190 40
25.95 1.90 30.19 250 40 60
27.22 1.90 28.82 250 40 60
28.48 1.90 27.13 250 40 60
29.75 1.90 25.38 250 40 60
31.01 1.90 23.87 250 40 60
32.28 1.90 22.81 250 40 60
33.54 1.90 22.31 30 230 140
34.81 1.90 22.33 30 230 140
36.08 1.90 22.72 240 190 40
37.34 1.90 23.22 240 190 40
38.61 1.90 23.60 30 230 140
39.87 1.90 23.68 30 230 140
41.14 1.90 23.39 240 190 40
42.41 1.90 22.80 250 40 60
43.67 1.90 22.07 250 40 60
44.94 1.90 21.40 250 40 60
46.20 1.90 20.96 240 190 40
47.47 1.90 20.80 30 230 140
48.73 1.90 20.86 240 190 40
50.00 1.90 21.01 240 190 40
-50.00 3.16 22.82 30 230 140
-48.73 3.16 22.62 240 190 40
-47.47 3.16 22.10 250 40 60
-46.20 3.16 21.36 250 40 60
-44.94 3.16 20.58 250 40 60
-43.67 3.16 19.98 240 190 40
-42.41 3.16 19.70 30 230 140
-41.14 3.16 19.77 240 190 40
-39.87 3.16 20.14 250 40 60
-38.61 3.16 20.65 250 40 60
-37.34 3.16 21.13 240 190 40
-36.08 3.16 21.49 240 190 40
-34.81 3.16 21.74 240 190 40
-33.54 3.16 22.02 240 190 40
-32.28 3.16 22.55 250 40 60
-31.01 3.16 23.56 250 40 60
-29.75 3.16 25.17 250 40 60
-28.48 3.16 27.34 250 40 60
-27.22 3.16 29.81 250 40 60
-25.95 3.16 32.17 250 40 60
-24.68 3.16 33.95 250 40 60
-23.42 3.16 34.75 240 190 40
-22.15 3.16 34.35 250 40 60
-20.89 3.16 32.78 250 40 60
-19.62 3.16 30.29 250 40 60
-18.35 3.16 27.28 250 40 60
-17.09 3.16 24.13 250 40 60
-15.82 3.16 21.13 250 40 60
-14.56 3.16 18.40 250 40 60
-13.29 3.16 15.91 250 40 60
-12.03 3.16 13.54 250 40 60
-10.76 3.16 11.19 250 40 60
-9.49 3.16 8.83 250 40 60
-8.23 3.16 6.57 250 40 60
-6.96 3.16 4.57 250 40 60
-5.70 3.16 3.01 250 40 60
-4.43 3.16 2.03 250 40 60
-3.16 3.16 1.65 250 40 60
-1.90 3.16 1.76 250 40 60
-0.63 3.16 2.21 250 40 60
0.63 3.16 2.81 250 40 60
1.90 3.16 3.42 250 40 60
3.16 3.16 4.02 250 40 60
4.43 3.16 4.68 250 40 60
5.70 3.16 5.54 250 40 60
6.96 3.16 6.72 250 40 60
8.23 3.16 8.31 250 40 60
9.49 3.16 10.29 250 40 60
10.76 3.16 12.56 250 40 60
12.03 3.16 14.97 250 40 60
13.29 3.16 17.39 250 40 60
14.56 3.16 19.73 250 40 60
15.82 3.16 21.97 250 40 60
17.09 3.16 24.14 250 40 60
18.35 3.16 26.24 250 40 60
19.62 3.16 28.19 250 40 60
20.89 3.16 29.87 250 40 60
22.15 3.16 31.06 250 40 60
23.42 3.16 31.58 240 190 40
24.68 3.16 31.32 250 40 60
25.95 3.16 30.31 250 40 60
27.22 3.16 28.73 250 40 60
28.48 3.16 26.85 250 40 60
29.75 3.16 25.02 250 40 60
31.01 3.16 23.54 250 40 60
32.28 3.16 22.60 250 40 60
33.54 3.16 22.26 30 230 140
34.81 3.16 22.41 240 190 40
36.08 3.16 22.84 240 190 40
37.34 3.16 23.28 240 190 40
38.61 3.16 23.52 30 230 140
39.87 3.16 23.41 240 190 40
41.14 3.16 22.98 250 40 60
42.41 3.16 22.35 250 40 60
43.67 3.16 21.71 250 40 60
44.94 3.16 21.23 240 190 40
46.20 3.16 21.01 30 230 140
47.47 3.16 21.04 240 190 40
48.73 3.16 21.21 240 190 40
50.00 3.16 21.35 240 190 40
-50.00 4.43 22.76 240 190 40
-48.73 4.43 22.44 240 190 40
-47.47 4.43 21.84 250 40 60
-46.20 4.43 21.12 250 40 60
-44.94 4.43 20.47 240 190 40
-43.67 4.43 20.07 240 190 40
-42.41 4.43 20.01 240 190 40
-41.14 4.43 20.27 250 40 60
-39.87 4.43 20.70 250 40 60
-38.61 4.43 21.14 250 40 60
-37.34 4.43 21.45 240 190 40
-36.08 4.43 21.58 30 230 140
-34.81 4.43 21.63 30 230 140
-33.54 4.43 21.78 240 190 40
-32.28 4.43 22.28 250 40 60
-31.01 4.43 23.33 250 40 60
-29.75 4.43 25.01 250 40 60
-28.48 4.43 27.21 250 40 60
-27.22 4.43 29.65 250 40 60
-25.95 4.43 31.91 250 40 60
-24.68 4.43 33.58 250 40 60
-23.42 4.43 34.30 240 190 40
-22.15 4.43 33.92 250 40 60
-20.89 4.43 32.50 250 40 60
-19.62 4.43 30.29 250 40 60
-18.35 4.43 27.63 250 40 60
-17.09 4.43 24.82 250 40 60
-15.82 4.43 22.08 250 40 60
-14.56 4.43 19.48 250 40 60
-13.29 4.43 16.97 250 40 60
-12.03 4.43 14.49 250 40 60
-10.76 4.43 12.00 250 40 60
-9.49 4.43 9.56 250 40 60
-8.23 4.43 7.31 250 40 60
-6.96 4.43 5.42 250 40 60
-5.70 4.43 4.04 250 40 60
-4.43 4.43 3.24 250 40 60
-3.16 4.43 2.96 250 40 60
-1.90 4.43 3.07 250 40 60
-0.63 4.43 3.37 250 40 60
0.63 4.43 3.74 250 40 60
1.90 4.43 4.09 250 40 60
3.16 4.43 4.49 250 40 60
4.43 4.43 5.05 250 40 60
5.70 4.43 5.93 250 40 60
6.96 4.43 7.22 250 40 60
8.23 4.43 8.95 250 40 60
9.49 4.43 11.04 250 40 60
10.76 4.43 13.34 250 40 60
12.03 4.43 15.70 250 40 60
13.29 4.43 18.01 250 40 60
14.56 4.43 20.23 250 40 60
15.82 4.43 22.41 250 40 60
17.09 4.43 24.58 250 40 60
18.35 4.43 26.73 250 40 60
19.62 4.43 28.78 250 40 60
20.89 4.43 30.51 250 40 60
22.15 4.43 31.67 250 40 60
23.42 4.43 32.06 240 190 40
24.68 4.43 31.59 250 40 60
25.95 4.43 30.33 250 40 60
27.22 4.43 28.51 250 40 60
28.48 4.43 26.49 250 40 60
29.75 4.43 24.64 250 40 60
31.01 4.43 23.25 250 40 60
32.28 4.43 22.46 240 190 40
33.54 4.43 22.26 30 230 140
34.81 4.43 22.49 240 190 40
36.08 4.43 22.88 240 190 40
37.34 4.43 23.19 30 230 140
38.61 4.43 23.24 240 190 40
39.87 4.43 22.97 250 40 60
41.14 4.43 22.45 250 40 60
42.41 4.43 21.86 250 40 60
43.67 4.43 21.37 240 190 40
44.94 4.43 21.13 30 230 140
46.20 4.43 21.14 30 230 140
47.47 4.43 21.34 240 190 40
48.73 4.43 21.57 240 190 40
50.00 4.43 21.65 240 190 40
-50.00 5.70 22.56 240 190 40
-48.73 5.70 22.15 250 40 60
-47.47 5.70 21.53 250 40 60
-46.20 5.70 20.91 240 190 40
-44.94 5.70 20.46 240 190 40
-43.67 5.70 20.31 240 190 40
-42.41 5.70 20.48 240 190 40
-41.14 5.70 20.86 250 40 60
-39.87 5.70 21.29 250 40 60
-38.61 5.70 21.60 240 190 40
-37.34 5.70 21.70 30 230 140
-36.08 5.70 21.62 30 230 140
-34.81 5.70 21.50 30 230 140
-33.54 5.70 21.57 240 190 40
-32.28 5.70 22.08 250 40 60
-31.01 5.70 23.16 250 40 60
-29.75 5.70 24.86 250 40 60
-28.48 5.70 27.01 250 40 60
-27.22 5.70 29.33 250 40 60
-25.95 5.70 31.43 250 40 60
-24.68 5.70 32.95 250 40 60
-23.42 5.70 33.64 250 40 60
-22.15 5.70 33.38 250 40 60
-20.89 5.70 32.24 250 40 60
-19.62 5.70 30.44 250 40 60
-18.35 5.70 28.21 250 40 60
-17.09 5.70 25.78 250 40 60
-15.82 5.70 23.28 250 40 60
-14.56 5.70 20.76 250 40 60
-13.29 5.70 18.21 250 40 60
-12.03 5.70 15.61 250 40 60
-10.76 5.70 13.02 250 40 60
-9.49 5.70 10.55 250 40 60
-8.23 5.70 8.38 250 40 60
-6.96 5.70 6.66 250 40 60
-5.70 5.70 5.48 250 40 60
-4.43 5.70 4.83 250 40 60
-3.16 5.70 4.59 250 40 60
-1.90 5.70 4.61 250 40 60
-0.63 5.70 4.70 250 40 60
0.63 5.70 4.80 250 40 60
1.90 5.70 4.91 250 40 60
3.16 5.70 5.15 250 40 60
4.43 5.70 5.66 250 40 60
5.70 5.70 6.59 250 40 60
6.96 5.70 8.00 250 40 60
8.23 5.70 9.84 250 40 60
9.49 5.70 11.99 250 40 60
10.76 5.70 14.27 250 40 60
12.03 5.70 16.54 250 40 60
13.29 5.70 18.73 250 40 60
14.56 5.70 20.88 250 40 60
15.82 5.70 23.04 250 40 60
17.09 5.70 25.26 250 40 60
18.35 5.70 27.50 250 40 60
19.62 5.70 29.60 250 40 60
20.89 5.70 31.31 250 40 60
22.15 5.70 32.35 250 40 60
23.42 5.70 32.51 240 190 40
24.68 5.70 31.74 250 40 60
25.95 5.70 30.20 250 40 60
27.22 5.70 28.18 250 40 60
28.48 5.70 26.09 250 40 60
29.75 5.70 24.28 250 40 60
31.01 5.70 23.02 250 40 60
32.28 5.70 22.39 240 190 40
33.54 5.70 22.29 30 230 140
34.81 5.70 22.52 30 230 140
36.08 5.70 22.81 30 230 140
37.34 5.70 22.94 240 190 40
38.61 5.70 22.79 250 40 60
39.87 5.70 22.38 250 40 60
41.14 5.70 21.85 250 40 60
42.41 5.70 21.37 250 40 60
43.67 5.70 21.10 30 230 140
44.94 5.70 21.11 30 230 140
46.20 5.70 21.34 240 190 40
47.47 5.70 21.66 240 190 40
48.73 5.70 21.88 240 190 40
50.00 5.70 21.89 30 230 140
-50.00 6.96 22.23 250 40 60
-48.73 6.96 21.77 250 40 60
-47.47 6.96 21.22 240 190 40
-46.20 6.96 20.77 240 190 40
-44.94 6.96 20.58 30 230 140
-43.67 6.96 20.69 240 190 40
-42.41 6.96 21.04 250 40 60
-41.14 6.96 21.49 250 40 60
-39.87 6.96 21.86 250 40 60
-38.61 6.96 22.00 240 190 40
-37.34 6.96 21.89 30 230 140
-36.08 6.96 21.63 30 230 140
-34.81 6.96 21.40 30 230 140
-33.54 6.96 21.44 240 190 40
-32.28 6.96 21.97 250 40 60
-31.01 6.96 23.07 250 40 60
-29.75 6.96 24.72 250 40 60
-28.48 6.96 26.73 250 40 60
-27.22 6.96 28.83 250 40 60
-25.95 6.96 30.71 250 40 60
-24.68 6.96 32.10 250 40 60
-23.42 6.96 32.80 250 40 60
-22.15 6.96 32.76 250 40 60
-20.89 6.96 32.01 250 40 60
-19.62 6.96 30.70 250 40 60
-18.35 6.96 28.97 250 40 60
-17.09 6.96 26.93 250 40 60
-15.82 6.96 24.67 250 40 60
-14.56 6.96 22.21 250 40 60
-13.29 6.96 19.60 250 40 60
-12.03 6.96 16.91 250 40 60
-10.76 6.96 14.26 250 40 60
-9.49 6.96 11.83 250 40 60
-8.23 6.96 9.79 250 40 60
-6.96 6.96 8.27 250 40 60
-5.70 6.96 7.27 250 40 60
-4.43 6.96 6.72 250 40 60
-3.16 6.96 6.45 250 40 60
-1.90 6.96 6.30 250 40 60
-0.63 6.96 6.15 250 40 60
0.63 6.96 5.98 250 40 60
1.90 6.96 5.88 250 40 60
3.16 6.96 6.01 250 40 60
4.43 6.96 6.53 250 40 60
5.70 6.96 7.55 250 40 60
6.96 6.96 9.06 250 40 60
8.23 6.96 10.97 250 40 60
9.49 6.96 13.11 250 40 60
10.76 6.96 15.32 250 40 60
12.03 6.96 17.48 250 40 60
13.29 6.96 19.58 250 40 60
14.56 6.96 21.70 250 40 60
15.82 6.96 23.89 250 40 60
17.09 6.96 26.19 250 40 60
18.35 6.96 28.50 250 40 60
19.62 6.96 30.60 250 40 60
20.89 6.96 32.19 250 40 60
22.15 6.96 32.99 250 40 60
23.42 6.96 32.83 250 40 60
24.68 6.96 31.73 250 40 60
25.95 6.96 29.92 250 40 60
27.22 6.96 27.76 250 40 60
28.48 6.96 25.66 250 40 60
29.75 6.96 23.97 250 40 60
31.01 6.96 22.87 250 40 60
32.28 6.96 22.38 240 190 40
33.54 6.96 22.34 30 230 140
34.81 6.96 22.50 30 230 140
36.08 6.96 22.62 30 230 140
37.34 6.96 22.54 240 190 40
38.61 6.96 22.21 250 40 60
39.87 6.96 21.72 250 40 60
41.14 6.96 21.25 250 40 60
42.41 6.96 20.94 240 190 40
43.67 6.96 20.92 30 230 140
44.94 6.96 21.16 240 190 40
46.20 6.96 21.56 240 190 40
47.47 6.96 21.94 240 190 40
48.73 6.96 22.13 30 230 140
50.00 6.96 22.03 30 230 140
-50.00 8.23 21.80 250 40 60
-48.73 8.23 21.36 250 40 60
-47.47 8.23 20.94 240 190 40
-46.20 8.23 20.73 30 230 140
-44.94 8.23 20.81 240 190 40
-43.67 8.23 21.16 250 40 60
-42.41 8.23 21.65 250 40 60
-41.14 8.23 22.10 250 40 60
-39.87 8.23 22.35 240 190 40
-38.61 8.23 22.31 240 190 40
-37.34 8.23 22.02 240 190 40
-36.08 8.23 21.62 240 190 40
-34.81 8.23 21.34 30 230 140
-33.54 8.23 21.41 240 190 40
-32.28 8.23 21.96 250 40 60
-31.01 8.23 23.03 250 40 60
-29.75 8.23 24.55 250 40 60
-28.48 8.23 26.34 250 40 60
-27.22 8.23 28.15 250 40 60
-25.95 8.23 29.78 250 40 60
-24.68 8.23 31.04 250 40 60
-23.42 8.23 31.82 250 40 60
-22.15 8.23 32.08 250 40 60
-20.89 8.23 31.82 240 190 40
-19.62 8.23 31.06 250 40 60
-18.35 8.23 29.85 250 40 60
-17.09 8.23 28.21 250 40 60
-15.82 8.23 26.17 250 40 60
-14.56 8.23 23.77 250 40 60
-13.29 8.23 21.12 250 40 60
-12.03 8.23 18.38 250 40 60
-10.76 8.23 15.74 250 40 60
-9.49 8.23 13.41 250 40 60
-8.23 8.23 11.55 250 40 60
-6.96 8.23 10.22 250 40 60
-5.70 8.23 9.36 250 40 60
-4.43 8.23 8.84 250 40 60
-3.16 8.23 8.46 250 40 60
-1.90 8.23 8.10 250 40 60
-0.63 8.23 7.69 250 40 60
0.63 8.23 7.28 250 40 60
1.90 8.23 7.03 250 40 60
3.16 8.23 7.12 250 40 60
4.43 8.23 7.69 250 40 60
5.70 8.23 8.80 250 40 60
6.96 8.23 10.39 250 40 60
8.23 8.23 12.32 250 40 60
9.49 8.23 14.40 250 40 60
10.76 8.23 16.50 250 40 60
12.03 8.23 18.55 250 40 60
13.29 8.23 20.59 250 40 60
14.56 8.23 22.71 250 40 60
15.82 8.23 24.97 250 40 60
17.09 8.23 27.34 250 40 60
18.35 8.23 29.67 250 40 60
19.62 8.23 31.68 250 40 60
20.89 8.23 33.04 250 40 60
22.15 8.23 33.51 240 190 40
23.42 8.23 32.97 250 40 60
24.68 8.23 31.54 250 40 60
25.95 8.23 29.51 250 40 60
27.22 8.23 27.28 250 40 60
28.48 8.23 25.26 250 40 60
29.75 8.23 23.73 250 40 60
31.01 8.23 22.81 250 40 60
32.28 8.23 22.42 30 230 140
33.54 8.23 22.37 30 230 140
34.81 8.23 22.40 30 230 140
36.08 8.23 22.31 240 190 40
37.34 8.23 22.02 250 40 60
38.61 8.23 21.55 250 40 60
39.87 8.23 21.05 250 40 60
41.14 8.23 20.69 240 190 40
42.41 8.23 20.60 240 190 40
43.67 8.23 20.82 240 190 40
44.94 8.23 21.26 240 190 40
46.20 8.23 21.77 240 190 40
47.47 8.23 22.15 240 190 40
48.73 8.23 22.27 30 230 140
50.00 8.23 22.08 30 230 140
-50.00 9.49 21.32 250 40 60
-48.73 9.49 20.96 240 190 40
-47.47 9.49 20.74 30 230 140
-46.20 9.49 20.79 30 230 140
-44.94 9.49 21.14 240 190 40
-43.67 9.49 21.67 250 40 60
-42.41 9.49 22.23 250 40 60
-41.14 9.49 22.63 240 190 40
-39.87 9.49 22.73 240 190 40
-38.61 9.49 22.51 240 190 40
-37.34 9.49 22.08 240 190 40
-36.08 9.49 21.62 240 190 40
-34.81 9.49 21.36 30 230 140
-33.54 9.49 21.47 240 190 40
-32.28 9.49 22.04 250 40 60
-31.01 9.49 23.04 250 40 60
-29.75 9.49 24.35 250 40 60
-28.48 9.49 25.83 250 40 60
-27.22 9.49 27.31 250 40 60
-25.95 9.49 28.67 250 40 60
-24.68 9.49 29.84 250 40 60
-23.42 9.49 30.76 250 40 60
-22.15 9.49 31.37 250 40 60
-20.89 9.49 31.63 30 230 140
-19.62 9.49 31.46 240 190 40
-18.35 9.49 30.78 250 40 60
-17.09 9.49 29.53 250 40 60
-15.82 9.49 27.70 250 40 60
-14.56 9.49 25.39 250 40 60
-13.29 9.49 22.76 250 40 60
-12.03 9.49 20.04 250 40 60
-10.76 9.49 17.49 250 40 60
-9.49 9.49 15.32 250 40 60
-8.23 9.49 13.65 250 40 60
-6.96 9.49 12.48 250 40 60
-5.70 9.49 11.70 250 40 60
-4.43 9.49 11.12 250 40 60
-3.16 9.49 10.57 250 40 60
-1.90 9.49 9.97 250 40 60
-0.63 9.49 9.31 250 40 60
0.63 9.49 8.72 250 40 60
1.90 9.49 8.39 250 40 60
3.16 9.49 8.51 250 40 60
4.43 9.49 9.17 250 40 60
5.70 9.49 10.37 250 40 60
6.96 9.49 11.99 250 40 60
8.23 9.49 13.88 250 40 60
9.49 9.49 15.85 250 40 60
10.76 9.49 17.82 250 40 60
12.03 9.49 19.77 250 40 60
13.29 9.49 21.77 250 40 60
14.56 9.49 23.92 250 40 60
15.82 9.49 26.25 250 40 60
17.09 9.49 28.66 250 40 60
18.35 9.49 30.92 250 40 60
19.62 9.49 32.72 250 40 60
20.89 9.49 33.75 250 40 60
22.15 9.49 33.80 240 190 40
23.42 9.49 32.87 250 40 60
24.68 9.49 31.14 250 40 60
25.95 9.49 28.97 250 40 60
27.22 9.49 26.77 250 40 60
28.48 9.49 24.91 250 40 60
29.75 9.49 23.58 250 40 60
31.01 9.49 22.82 240 190 40
32.28 9.49 22.49 30 230 140
33.54 9.49 22.36 30 230 140
34.81 9.49 22.20 240 190 40
36.08 9.49 21.90 250 40 60
37.34 9.49 21.42 250 40 60
38.61 9.49 20.87 250 40 60
39.87 9.49 20.43 250 40 60
41.14 9.49 20.24 240 190 40
42.41 9.49 20.38 240 190 40
43.67 9.49 20.81 240 190 40
44.94 9.49 21.39 240 190 40
46.20 9.49 21.94 240 190 40
47.47 9.49 22.27 30 230 140
48.73 9.49 22.30 30 230 140
50.00 9.49 22.05 30 230 140
-50.00 10.76 20.83 240 190 40
-48.73 10.76 20.61 240 190 40
-47.47 10.76 20.64 30 230 140
-46.20 10.76 20.96 240 190 40
-44.94 10.76 21.53 250 40 60
-43.67 10.76 22.19 250 40 60
-42.41 10.76 22.74 250 40 60
-41.14 10.76 23.03 240 190 40
-39.87 10.76 22.96 240 190 40
-38.61 10.76 22.60 240 190 40
-37.34 10.76 22.10 240 190 40
-36.08 10.76 21.65 240 190 40
-34.81 10.76 21.46 30 230 140
-33.54 10.76 21.64 240 190 40
-32.28 10.76 22.19 250 40 60
-31.01 10.76 23.05 250 40 60
-29.75 10.76 24.09 250 40 60
-28.48 10.76 25.21 250 40 60
-27.22 10.76 26.34 250 40 60
-25.95 10.76 27.45 250 40 60
-24.68 10.76 28.55 250 40 60
-23.42 10.76 29.64 250 40 60
-22.15 10.76 30.65 250 40 60
-20.89 10.76 31.44 250 40 60
-19.62 10.76 31.83 240 190 40
-18.35 10.76 31.64 250 40 60
-17.09 10.76 30.77 250 40 60
-15.82 10.76 29.18 250 40 60
-14.56 10.76 27.01 250 40 60
-13.29 10.76 24.48 250 40 60
-12.03 10.76 21.89 250 40 60
-10.76 10.76 19.51 250 40 60
-9.49 10.76 17.55 250 40 60
-8.23 10.76 16.07 250 40 60
-6.96 10.76 15.01 250 40 60
-5.70 10.76 14.23 250 40 60
-4.43 10.76 13.52 250 40 60
-3.16 10.76 12.76 250 40 60
-1.90 10.76 11.91 250 40 60
-0.63 10.76 11.05 250 40 60
0.63 10.76 10.35 250 40 60
1.90 10.76 10.02 250 40 60
3.16 10.76 10.22 250 40 60
4.43 10.76 10.98 250 40 60
5.70 10.76 12.24 250 40 60
6.96 10.76 13.86 250 40 60
8.23 10.76 15.65 250 40 60
9.49 10.76 17.48 250 40 60
10.76 10.76 19.30 250 40 60
12.03 10.76 21.16 250 40 60
13.29 10.76 23.15 250 40 60
14.56 10.76 25.33 250 40 60
15.82 10.76 27.68 250 40 60
17.09 10.76 30.04 250 40 60
18.35 10.76 32.12 250 40 60
19.62 10.76 33.60 250 40 60
20.89 10.76 34.21 240 190 40
22.15 10.76 33.81 250 40 60
23.42 10.76 32.50 250 40 60
24.68 10.76 30.55 250 40 60
25.95 10.76 28.34 250 40 60
27.22 10.76 26.27 250 40 60
28.48 10.76 24.62 250 40 60
29.75 10.76 23.51 250 40 60
31.01 10.76 22.88 240 190 40
32.28 10.76 22.54 240 190 40
33.54 10.76 22.28 240 190 40
34.81 10.76 21.92 240 190 40
36.08 10.76 21.41 250 40 60
37.34 10.76 20.80 250 40 60
38.61 10.76 20.25 250 40 60
39.87 10.76 19.92 240 190 40
41.14 10.76 19.92 240 190 40
42.41 10.76 20.28 240 190 40
43.67 10.76 20.87 250 40 60
44.94 10.76 21.52 250 40 60
46.20 10.76 22.03 240 190 40
47.47 10.76 22.27 30 230 140
48.73 10.76 22.22 30 230 140
50.00 10.76 21.96 240 190 40
-50.00 12.03 20.41 240 190 40
-48.73 12.03 20.37 30 230 140
-47.47 12.03 20.65 240 190 40
-46.20 12.03 21.21 250 40 60
-44.94 12.03 21.94 250 40 60
-43.67 12.03 22.64 250 40 60
-42.41 12.03 23.13 240 190 40
-41.14 12.03 23.27 30 230 140
-39.87 12.03 23.06 240 190 40
-38.61 12.03 22.60 240 190 40
-37.34 12.03 22.10 240 190 40
-36.08 12.03 21.73 30 230 140
-34.81 12.03 21.64 30 230 140
-33.54 12.03 21.87 240 190 40
-32.28 12.03 22.37 250 40 60
-31.01 12.03 23.04 250 40 60
-29.75 12.03 23.76 250 40 60
-28.48 12.03 24.50 250 40 60
-27.22 12.03 25.28 250 40 60
-25.95 12.03 26.18 250 40 60
-24.68 12.03 27.26 250 40 60
-23.42 12.03 28.54 250 40 60
-22.15 12.03 29.91 250 40 60
-20.89 12.03 31.18 250 40 60
-19.62 12.03 32.07 250 40 60
-18.35 12.03 32.34 240 190 40
-17.09 12.03 31.82 250 40 60
-15.82 12.03 30.51 250 40 60
-14.56 12.03 28.56 250 40 60
-13.29 12.03 26.25 250 40 60
-12.03 12.03 23.90 250 40 60
-10.76 12.03 21.79 250 40 60
-9.49 12.03 20.07 250 40 60
-8.23 12.03 18.77 250 40 60
-6.96 12.03 17.77 250 40 60
-5.70 12.03 16.91 250 40 60
-4.43 12.03 16.02 250 40 60
-3.16 12.03 15.02 250 40 60
-1.90 12.03 13.95 250 40 60
-0.63 12.03 12.96 250 40 60
0.63 12.03 12.24 250 40 60
1.90 12.03 11.98 250 40 60
3.16 12.03 12.29 250 40 60
4.43 12.03 13.14 250 40 60
5.70 12.03 14.43 250 40 60
6.96 12.03 15.98 250 40 60
8.23 12.03 17.62 250 40 60
9.49 12.03 19.28 250 40 60
10.76 12.03 20.96 250 40 60
12.03 12.03 22.74 250 40 60
13.29 12.03 24.70 250 40 60
14.56 12.03 26.88 250 40 60
15.82 12.03 29.18 250 40 60
17.09 12.03 31.38 250 40 60
18.35 12.03 33.15 250 40 60
19.62 12.03 34.20 250 40 60
20.89 12.03 34.33 240 190 40
22.15 12.03 33.49 250 40 60
23.42 12.03 31.87 250 40 60
24.68 12.03 29.80 250 40 60
25.95 12.03 27.66 250 40 60
27.22 12.03 25.80 250 40 60
28.48 12.03 24.40 250 40 60
29.75 12.03 23.49 250 40 60
31.01 12.03 22.95 240 190 40
32.28 12.03 22.56 240 190 40
33.54 12.03 22.14 240 190 40
34.81 12.03 21.58 250 40 60
36.08 12.03 20.90 250 40 60
37.34 12.03 20.22 250 40 60
38.61 12.03 19.73 240 190 40
39.87 12.03 19.56 240 190 40
41.14 12.03 19.77 240 190 40
42.41 12.03 20.29 250 40 60
43.67 12.03 20.97 250 40 60
44.94 12.03 21.60 240 190 40
46.20 12.03 22.03 240 190 40
47.47 12.03 22.16 30 230 140
48.73 12.03 22.05 30 230 140
50.00 12.03 21.83 30 230 140
-50.00 13.29 20.08 240 190 40
-48.73 13.29 20.26 240 190 40
-47.47 13.29 20.77 250 40 60
-46.20 13.29 21.51 250 40 60
-44.94 13.29 22.32 250 40 60
-43.67 13.29 22.99 240 190 40
-42.41 13.29 23.34 30 230 140
-41.14 13.29 23.33 30 230 140
-39.87 13.29 23.01 240 190 40
-38.61 13.29 22.54 240 190 40
-37.34 13.29 22.10 240 190 40
-36.08 13.29 21.86 30 230 140
-34.81 13.29 21.89 240 190 40
-33.54 13.29 22.15 240 190 40
-32.28 13.29 22.56 240 190 40
-31.01 13.29 22.98 240 190 40
-29.75 13.29 23.37 240 190 40
-28.48 13.29 23.74 250 40 60
-27.22 13.29 24.21 250 40 60
-25.95 13.29 24.94 250 40 60
-24.68 13.29 26.03 250 40 60
-23.42 13.29 27.48 250 40 60
-22.15 13.29 29.17 250 40 60
-20.89 13.29 30.82 250 40 60
-19.62 13.29 32.11 250 40 60
-18.35 13.29 32.75 240 190 40
-17.09 13.29 32.57 250 40 60
-15.82 13.29 31.58 250 40 60
-14.56 13.29 29.96 250 40 60
-13.29 13.29 28.01 250 40 60
-12.03 13.29 26.03 250 40 60
-10.76 13.29 24.26 250 40 60
-9.49 13.29 22.82 250 40 60
-8.23 13.29 21.67 250 40 60
-6.96 13.29 20.69 250 40 60
-5.70 13.29 19.70 250 40 60
-4.43 13.29 18.61 250 40 60
-3.16 13.29 17.39 250 40 60
-1.90 13.29 16.17 250 40 60
-0.63 13.29 15.12 250 40 60
0.63 13.29 14.46 250 40 60
1.90 13.29 14.32 250 40 60
3.16 13.29 14.75 250 40 60
4.43 13.29 15.67 250 40 60
5.70 13.29 16.92 250 40 60
6.96 13.29 18.33 250 40 60
8.23 13.29 19.79 250 40 60
9.49 13.29 21.25 250 40 60
10.76 13.29 22.78 250 40 60
12.03 13.29 24.46 250 40 60
13.29 13.29 26.37 250 40 60
14.56 13.29 28.48 250 40 60
15.82 13.29 30.62 250 40 60
17.09 13.29 32.53 250 40 60
18.35 13.29 33.88 250 40 60
19.62 13.29 34.43 30 230 140
20.89 13.29 34.05 250 40 60
22.15 13.29 32.82 250 40 60
23.42 13.29 30.99 250 40 60
24.68 13.29 28.92 250 40 60
25.95 13.29 26.96 250 40 60
27.22 13.29 25.37 250 40 60
28.48 13.29 24.24 250 40 60
29.75 13.29 23.51 250 40 60
31.01 13.29 23.00 240 190 40
32.28 13.29 22.51 240 190 40
33.54 13.29 21.92 250 40 60
34.81 13.29 21.19 250 40 60
36.08 13.29 20.41 250 40 60
37.34 13.29 19.75 250 40 60
38.61 13.29 19.37 240 190 40
39.87 13.29 19.39 30 230 140
41.14 13.29 19.77 240 190 40
42.41 13.29 20.40 250 40 60
43.67 13.29 21.08 250 40 60
44.94 13.29 21.63 240 190 40
46.20 13.29 21.93 30 230 140
47.47 13.29 21.96 30 230 140
48.73 13.29 21.84 30 230 140
50.00 13.29 21.70 30 230 140
-50.00 14.56 19.89 240 190 40
-48.73 14.56 20.28 240 190 40
-47.47 14.56 20.98 250 40 60
-46.20 14.56 21.83 250 40 60
-44.94 14.56 22.63 250 40 60
-43.67 14.56 23.18 240 190 40
-42.41 14.56 23.38 30 230 140
-41.14 14.56 23.23 240 190 40
-39.87 14.56 22.85 240 190 40
-38.61 14.56 22.42 240 190 40
-37.34 14.56 22.12 30 230 140
-36.08 14.56 22.03 30 230 140
-34.81 14.56 22.17 240 190 40
-33.54 14.56 22.43 240 190 40
-32.28 14.56 22.69 30 230 140
-31.01 14.56 22.86 30 230 140
-29.75 14.56 22.92 240 190 40
-28.48 14.56 22.97 250 40 60
-27.22 14.56 23.20 250 40 60
-25.95 14.56 23.81 250 40 60
-24.68 14.56 24.93 250 40 60
-23.42 14.56 26.52 250 40 60
-22.15 14.56 28.43 250 40 60
-20.89 14.56 30.33 250 40 60
-19.62 14.56 31.89 250 40 60
-18.35 14.56 32.81 240 190 40
-17.09 14.56 32.94 240 190 40
-15.82 14.56 32.31 250 40 60
-14.56 14.56 31.12 250 40 60
-13.29 14.56 29.65 250 40 60
-12.03 14.56 28.15 250 40 60
-10.76 14.56 26.81 250 40 60
-9.49 14.56 25.67 250 40 60
-8.23 14.56 24.67 250 40 60
-6.96 14.56 23.67 250 40 60
-5.70 14.56 22.54 250 40 60
-4.43 14.56 21.26 250 40 60
-3.16 14.56 19.88 250 40 60
-1.90 14.56 18.59 250 40 60
-0.63 14.56 17.58 250 40 60
0.63 14.56 17.04 250 40 60
1.90 14.56 17.05 250 40 60
3.16 14.56 17.58 250 40 60
4.43 14.56 18.51 250 40 60
5.70 14.56 19.66 250 40 60
6.96 14.56 20.88 250 40 60
8.23 14.56 22.10 250 40 60
9.49 14.56 23.35 250 40 60
10.76 14.56 24.70 250 40 60
12.03 14.56 26.27 250 40 60
13.29 14.56 28.06 250 40 60
14.56 14.56 30.00 250 40 60
15.82 14.56 31.86 250 40 60
17.09 14.56 33.36 250 40 60
18.35 14.56 34.20 240 190 40
19.62 14.56 34.21 250 40 60
20.89 14.56 33.37 250 40 60
22.15 14.56 31.84 250 40 60
23.42 14.56 29.93 250 40 60
24.68 14.56 27.98 250 40 60
25.95 14.56 26.28 250 40 60
27.22 14.56 24.99 250 40 60
28.48 14.56 24.12 250 40 60
29.75 14.56 23.52 240 190 40
31.01 14.56 23.00 240 190 40
32.28 14.56 22.40 250 40 60
33.54 14.56 21.64 250 40 60
34.81 14.56 20.80 250 40 60
36.08 14.56 19.99 250 40 60
37.34 14.56 19.42 240 190 40
38.61 14.56 19.21 30 230 140
39.87 14.56 19.40 240 190 40
41.14 14.56 19.91 250 40 60
42.41 14.56 20.57 250 40 60
43.67 14.56 21.18 240 190 40
44.94 14.56 21.59 240 190 40
46.20 14.56 21.75 30 230 140
47.47 14.56 21.70 240 190 40
48.73 14.56 21.60 30 230 140
50.00 14.56 21.60 30 230 140
-50.00 15.82 19.86 240 190 40
-48.73 15.82 20.44 250 40 60
-47.47 15.82 21.25 250 40 60
-46.20 15.82 22.11 250 40 60
-44.94 15.82 22.82 240 190 40
-43.67 15.82 23.21 30 230 140
-42.41 15.82 23.24 30 230 140
-41.14 15.82 22.99 240 190 40
-39.87 15.82 22.62 240 190 40
-38.61 15.82 22.29 30 230 140
-37.34 15.82 22.15 30 230 140
-36.08 15.82 22.23 30 230 140
-34.81 15.82 22.44 240 190 40
-33.54 15.82 22.66 30 230 140
-32.28 15.82 22.76 30 230 140
-31.01 15.82 22.66 240 190 40
-29.75 15.82 22.44 240 190 40
-28.48 15.82 22.25 250 40 60
-27.22 15.82 22.32 250 40 60
-25.95 15.82 22.87 250 40 60
-24.68 15.82 24.01 250 40 60
-23.42 15.82 25.68 250 40 60
-22.15 15.82 27.68 250 40 60
-20.89 15.82 29.69 250 40 60
-19.62 15.82 31.37 250 40 60
-18.35 15.82 32.46 250 40 60
-17.09 15.82 32.86 240 190 40
-15.82 15.82 32.64 240 190 40
-14.56 15.82 31.96 250 40 60
-13.29 15.82 31.05 250 40 60
-12.03 15.82 30.12 250 40 60
-10.76 15.82 29.26 250 40 60
-9.49 15.82 28.45 250 40 60
-8.23 15.82 27.59 250 40 60
-6.96 15.82 26.58 250 40 60
-5.70 15.82 25.34 250 40 60
-4.43 15.82 23.93 250 40 60
-3.16 15.82 22.48 250 40 60
-1.90 15.82 21.22 250 40 60
-0.63 15.82 20.33 250 40 60
0.63 15.82 19.96 250 40 60
1.90 15.82 20.12 250 40 60
3.16 15.82 20.71 250 40 60
4.43 15.82 21.58 250 40 60
5.70 15.82 22.55 250 40 60
6.96 15.82 23.52 250 40 60
8.23 15.82 24.47 250 40 60
9.49 15.82 25.47 250 40 60
10.76 15.82 26.64 250 40 60
12.03 15.82 28.03 250 40 60
13.29 15.82 29.64 250 40 60
14.56 15.82 31.29 250 40 60
15.82 15.82 32.76 250 40 60
17.09 15.82 33.75 250 40 60
18.35 15.82 34.03 240 190 40
19.62 15.82 33.52 250 40 60
20.89 15.82 32.30 250 40 60
22.15 15.82 30.60 250 40 60
23.42 15.82 28.73 250 40 60
24.68 15.82 27.01 250 40 60
25.95 15.82 25.64 250 40 60
27.22 15.82 24.67 250 40 60
28.48 15.82 24.01 250 40 60
29.75 15.82 23.49 240 190 40
31.01 15.82 22.92 250 40 60
32.28 15.82 22.20 250 40 60
33.54 15.82 21.34 250 40 60
34.81 15.82 20.45 250 40 60
36.08 15.82 19.71 250 40 60
37.34 15.82 19.28 30 230 140
38.61 15.82 19.26 30 230 140
39.87 15.82 19.60 240 190 40
41.14 15.82 20.17 250 40 60
42.41 15.82 20.78 240 190 40
43.67 15.82 21.25 240 190 40
44.94 15.82 21.48 30 230 140
46.20 15.82 21.50 30 230 140
47.47 15.82 21.41 240 190 40
48.73 15.82 21.38 30 230 140
50.00 15.82 21.54 30 230 140
-50.00 17.09 20.00 250 40 60
-48.73 17.09 20.70 250 40 60
-47.47 17.09 21.55 250 40 60
-46.20 17.09 22.33 250 40 60
-44.94 17.09 22.87 240 190 40
-43.67 17.09 23.06 30 230 140
-42.41 17.09 22.95 240 190 40
-41.14 17.09 22.65 240 190 40
-39.87 17.09 22.34 240 190 40
-38.61 17.09 22.17 30 230 140
-37.34 17.09 22.21 30 230 140
-36.08 17.09 22.42 240 190 40
-34.81 17.09 22.67 240 190 40
-33.54 17.09 22.81 30 230 140
-32.28 17.09 22.72 30 230 140
-31.01 17.09 22.40 240 190 40
-29.75 17.09 21.96 250 40 60
-28.48 17.09 21.62 240 190 40
-27.22 17.09 21.62 250 40 60
-25.95 17.09 22.17 250 40 60
-24.68 17.09 23.32 250 40 60
-23.42 17.09 24.99 250 40 60
-22.15 17.09 26.95 250 40 60
-20.89 17.09 28.89 250 40 60
-19.62 17.09 30.54 250 40 60
-18.35 17.09 31.71 250 40 60
-17.09 17.09 32.34 250 40 60
-15.82 17.09 32.51 240 190 40
-14.56 17.09 32.38 240 190 40
-13.29 17.09 32.10 250 40 60
-12.03 17.09 31.77 250 40 60
-10.76 17.09 31.41 250 40 60
-9.49 17.09 30.93 250 40 60
-8.23 17.09 30.22 250 40 60
-6.96 17.09 29.22 250 40 60
-5.70 17.09 27.94 250 40 60
-4.43 17.09 26.51 250 40 60
-3.16 17.09 25.11 250 40 60
-1.90 17.09 23.98 250 40 60
-0.63 17.09 23.30 250 40 60
0.63 17.09 23.11 250 40 60
1.90 17.09 23.39 250 40 60
3.16 17.09 23.98 250 40 60
4.43 17.09 24.70 250 40 60
5.70 17.09 25.42 250 40 60
6.96 17.09 26.09 250 40 60
8.23 17.09 26.74 250 40 60
9.49 17.09 27.49 250 40 60
10.76 17.09 28.44 250 40 60
12.03 17.09 29.61 250 40 60
13.29 17.09 30.94 250 40 60
14.56 17.09 32.22 250 40 60
15.82 17.09 33.20 250 40 60
17.09 17.09 33.63 240 190 40
18.35 17.09 33.36 250 40 60
19.62 17.09 32.41 250 40 60
20.89 17.09 30.92 250 40 60
22.15 17.09 29.18 250 40 60
23.42 17.09 27.49 250 40 60
24.68 17.09 26.08 250 40 60
25.95 17.09 25.06 250 40 60
27.22 17.09 24.38 250 40 60
28.48 17.09 23.88 240 190 40
29.75 17.09 23.39 240 190 40
31.01 17.09 22.76 250 40 60
32.28 17.09 21.95 250 40 60
33.54 17.09 21.04 250 40 60
34.81 17.09 20.19 250 40 60
36.08 17.09 19.58 240 190 40
37.34 17.09 19.34 30 230 140
38.61 17.09 19.49 240 190 40
39.87 17.09 19.93 250 40 60
41.14 17.09 20.49 250 40 60
42.41 17.09 20.98 240 190 40
43.67 17.09 21.26 30 230 140
44.94 17.09 21.32 30 230 140
46.20 17.09 21.23 240 190 40
47.47 17.09 21.14 30 230 140
48.73 17.09 21.21 30 230 140
50.00 17.09 21.53 240 190 40
-50.00 18.35 20.27 250 40 60
-48.73 18.35 21.03 250 40 60
-47.47 18.35 21.82 250 40 60
-46.20 18.35 22.44 240 190 40
-44.94 18.35 22.76 30 230 140
-43.67 18.35 22.76 240 190 40
-42.41 18.35 22.54 240 190 40
-41.14 18.35 22.24 240 190 40
-39.87 18.35 22.05 240 190 40
-38.61 18.35 22.06 30 230 140
-37.34 18.35 22.27 30 230 140
-36.08 18.35 22.58 240 190 40
-34.81 18.35 22.82 30 230 140
-33.54 18.35 22.84 30 230 140
-32.28 18.35 22.57 240 190 40
-31.01 18.35 22.08 250 40 60
-29.75 18.35 21.52 250 40 60
-28.48 18.35 21.13 240 190 40
-27.22 18.35 21.15 240 190 40
-25.95 18.35 21.73 250 40 60
-24.68 18.35 22.87 250 40 60
-23.42 18.35 24.44 250 40 60
-22.15 18.35 26.23 250 40 60
-20.89 18.35 27.97 250 40 60
-19.62 18.35 29.47 250 40 60
-18.35 18.35 30.61 250 40 60
-17.09 18.35 31.41 250 40 60
-15.82 18.35 31.95 250 40 60
-14.56 18.35 32.35 240 190 40
-13.29 18.35 32.67 240 190 40
-12.03 18.35 32.93 250 40 60
-10.76 18.35 33.03 250 40 60
-9.49 18.35 32.86 250 40 60
-8.23 18.35 32.32 250 40 60
-6.96 18.35 31.39 250 40 60
-5.70 18.35 30.17 250 40 60
-4.43 18.35 28.83 250 40 60
-3.16 18.35 27.61 250 40 60
-1.90 18.35 26.72 250 40 60
-0.63 18.35 26.28 250 40 60
0.63 18.35 26.29 250 40 60
1.90 18.35 26.63 250 40 60
3.16 18.35 27.13 250 40 60
4.43 18.35 27.64 250 40 60
5.70 18.35 28.06 250 40 60
6.96 18.35 28.40 250 40 60
8.23 18.35 28.75 250 40 60
9.49 18.35 29.23 250 40 60
10.76 18.35 29.94 250 40 60
12.03 18.35 30.84 250 40 60
13.29 18.35 31.82 250 40 60
14.56 18.35 32.66 250 40 60
15.82 18.35 33.11 240 190 40
17.09 18.35 32.99 250 40 60
18.35 18.35 32.23 250 40 60
19.62 18.35 30.94 250 40 60
20.89 18.35 29.33 250 40 60
22.15 18.35 27.69 250 40 60
23.42 18.35 26.28 250 40 60
24.68 18.35 25.22 250 40 60
25.95 18.35 24.54 250 40 60
27.22 18.35 24.09 240 190 40
28.48 18.35 23.71 240 190 40
29.75 18.35 23.21 250 40 60
31.01 18.35 22.51 250 40 60
32.28 18.35 21.65 250 40 60
33.54 18.35 20.77 250 40 60
34.81 18.35 20.05 240 190 40
36.08 18.35 19.64 30 230 140
37.34 18.35 19.60 240 190 40
38.61 18.35 19.90 250 40 60
39.87 18.35 20.38 250 40 60
41.14 18.35 20.85 240 190 40
42.41 18.35 21.16 30 230 140
43.67 18.35 21.23 30 230 140
44.94 18.35 21.13 30 230 140
46.20 18.35 20.97 30 230 140
47.47 18.35 20.92 30 230 140
48.73 18.35 21.11 240 190 40
50.00 18.35 21.58 240 190 40
-50.00 19.62 20.67 250 40 60
-48.73 19.62 21.40 250 40 60
-47.47 19.62 22.04 240 190 40
-46.20 19.62 22.44 30 230 140
-44.94 19.62 22.52 240 190 40
-43.67 19.62 22.35 240 190 40
-42.41 19.62 22.06 240 190 40
-41.14 19.62 21.82 240 190 40
-39.87 19.62 21.78 30 230 140
-38.61 19.62 21.97 240 190 40
-37.34 19.62 22.32 240 190 40
-36.08 19.62 22.66 240 190 40
-34.81 19.62 22.84 30 230 140
-33.54 19.62 22.73 240 190 40
-32.28 19.62 22.33 240 190 40
-31.01 19.62 21.73 250 40 60
-29.75 19.62 21.15 240 190 40
-28.48 19.62 20.82 30 230 140
-27.22 19.62 20.93 240 190 40
-25.95 19.62 21.55 250 40 60
-24.68 19.62 22.64 250 40 60
-23.42 19.62 24.04 250 40 60
-22.15 19.62 25.55 250 40 60
-20.89 19.62 26.98 250 40 60
-19.62 19.62 28.22 250 40 60
-18.35 19.62 29.26 250 40 60
-17.09 19.62 30.16 250 40 60
-15.82 19.62 31.01 250 40 60
-14.56 19.62 31.86 250 40 60
-13.29 19.62 32.71 250 40 60
-12.03 19.62 33.45 250 40 60
-10.76 19.62 33.94 250 40 60
-9.49 19.62 34.04 250 40 60
-8.23 19.62 33.67 250 40 60
-6.96 19.62 32.87 250 40 60
-5.70 19.62 31.80 250 40 60
-4.43 19.62 30.69 250 40 60
-3.16 19.62 29.76 250 40 60
-1.90 19.62 29.19 250 40 60
-0.63 19.62 29.02 250 40 60
0.63 19.62 29.19 250 40 60
1.90 19.62 29.53 250 40 60
3.16 19.62 29.89 250 40 60
4.43 19.62 30.13 250 40 60
5.70 19.62 30.23 250 40 60
6.96 19.62 30.24 250 40 60
8.23 19.62 30.31 250 40 60
9.49 19.62 30.54 250 40 60
10.76 19.62 30.99 250 40 60
12.03 19.62 31.60 250 40 60
13.29 19.62 32.20 240 190 40
14.56 19.62 32.56 240 190 40
15.82 19.62 32.48 250 40 60
17.09 19.62 31.86 250 40 60
18.35 19.62 30.72 250 40 60
19.62 19.62 29.23 250 40 60
20.89 19.62 27.65 250 40 60
22.15 19.62 26.23 250 40 60
23.42 19.62 25.15 250 40 60
24.68 19.62 24.46 250 40 60
25.95 19.62 24.06 240 190 40
27.22 19.62 23.79 240 190 40
28.48 19.62 23.45 240 190 40
29.75 19.62 22.92 250 40 60
31.01 19.62 22.19 250 40 60
32.28 19.62 21.35 250 40 60
33.54 19.62 20.58 250 40 60
34.81 19.62 20.05 240 190 40
36.08 19.62 19.87 240 190 40
37.34 19.62 20.03 240 190 40
38.61 19.62 20.42 250 40 60
39.87 19.62 20.87 250 40 60
41.14 19.62 21.19 240 190 40
42.41 19.62 21.29 30 230 140
43.67 19.62 21.17 30 230 140
44.94 19.62 20.94 240 190 40
46.20 19.62 20.76 30 230 140
47.47 19.62 20.79 30 230 140
48.73 19.62 21.10 240 190 40
50.00 19.62 21.67 240 190 40
-50.00 20.89 21.12 250 40 60
-48.73 20.89 21.74 250 40 60
-47.47 20.89 22.17 240 190 40
-46.20 20.89 22.31 30 230 140
-44.94 20.89 22.16 240 190 40
-43.67 20.89 21.86 240 190 40
-42.41 20.89 21.56 240 190 40
-41.14 20.89 21.44 240 190 40
-39.87 20.89 21.56 240 190 40
-38.61 20.89 21.89 240 190 40
-37.34 20.89 22.32 240 190 40
-36.08 20.89 22.65 30 230 140
-34.81 20.89 22.74 30 230 140
-33.54 20.89 22.50 240 190 40
-32.28 20.89 22.00 250 40 60
-31.01 20.89 21.39 250 40 60
-29.75 20.89 20.89 240 190 40
-28.48 20.89 20.70 30 230 140
-27.22 20.89 20.94 240 190 40
-25.95 20.89 21.61 250 40 60
-24.68 20.89 22.61 250 40 60
-23.42 20.89 23.76 250 40 60
-22.15 20.89 24.92 250 40 60
-20.89 20.89 25.97 250 40 60
-19.62 20.89 26.91 250 40 60
-18.35 20.89 27.79 250 40 60
-17.09 20.89 28.73 250 40 60
-15.82 20.89 29.80 250 40 60
-14.56 20.89 30.99 250 40 60
-13.29 20.89 32.21 250 40 60
-12.03 20.89 33.29 250 40 60
-10.76 20.89 34.04 250 40 60
-9.49 20.89 34.33 30 230 140
-8.23 20.89 34.12 240 190 40
-6.96 20.89 33.50 250 40 60
-5.70 20.89 32.68 250 40 60
-4.43 20.89 31.90 250 40 60
-3.16 20.89 31.35 250 40 60
-1.90 20.89 31.13 250 40 60
-0.63 20.89 31.22 250 40 60
0.63 20.89 31.50 250 40 60
1.90 20.89 31.80 250 40 60
3.16 20.89 31.96 250 40 60
4.43 20.89 31.91 250 40 60
5.70 20.89 31.70 250 40 60
6.96 20.89 31.44 250 40 60
8.23 20.89 31.27 250 40 60
9.49 20.89 31.29 240 190 40
10.76 20.89 31.51 240 190 40
12.03 20.89 31.82 30 230 140
13.29 20.89 32.03 240 190 40
14.56 20.89 31.93 250 40 60
15.82 20.89 31.38 250 40 60
17.09 20.89 30.35 250 40 60
18.35 20.89 28.97 250 40 60
19.62 20.89 27.44 250 40 60
20.89 20.89 26.01 250 40 60
22.15 20.89 24.89 250 40 60
23.42 20.89 24.17 250 40 60
24.68 20.89 23.80 250 40 60
25.95 20.89 23.62 240 190 40
27.22 20.89 23.45 240 190 40
28.48 20.89 23.11 250 40 60
29.75 20.89 22.55 250 40 60
31.01 20.89 21.83 250 40 60
32.28 20.89 21.09 250 40 60
33.54 20.89 20.50 240 190 40
34.81 20.89 20.21 30 230 140
36.08 20.89 20.27 240 190 40
37.34 20.89 20.58 250 40 60
38.61 20.89 21.01 250 40 60
39.87 20.89 21.36 240 190 40
41.14 20.89 21.50 240 190 40
42.41 20.89 21.38 30 230 140
43.67 20.89 21.10 240 190 40
44.94 20.89 20.79 30 230 140
46.20 20.89 20.63 30 230 140
47.47 20.89 20.75 240 190 40
48.73 20.89 21.17 240 190 40
50.00 20.89 21.78 250 40 60
-50.00 22.15 21.60 250 40 60
-48.73 22.15 22.03 240 190 40
-47.47 22.15 22.19 30 230 140
-46.20 22.15 22.07 240 190 40
-44.94 22.15 21.73 240 190 40
-43.67 22.15 21.36 240 190 40
-42.41 22.15 21.11 240 190 40
-41.14 22.15 21.11 240 190 40
-39.87 22.15 21.38 240 190 40
-38.61 22.15 21.82 240 190 40
-37.34 22.15 22.26 240 190 40
-36.08 22.15 22.52 30 230 140
-34.81 22.15 22.49 240 190 40
-33.54 22.15 22.16 240 190 40
-32.28 22.15 21.63 250 40 60
-31.01 22.15 21.10 240 190 40
-29.75 22.15 20.77 30 230 140
-28.48 22.15 20.77 30 230 140
-27.22 22.15 21.16 250 40 60
-25.95 22.15 21.85 250 40 60
-24.68 22.15 22.71 250 40 60
-23.42 22.15 23.58 250 40 60
-22.15 22.15 24.35 250 40 60
-20.89 22.15 25.01 250 40 60
-19.62 22.15 25.63 250 40 60
-18.35 22.15 26.35 250 40 60
-17.09 22.15 27.27 250 40 60
-15.82 22.15 28.45 250 40 60
-14.56 22.15 29.83 250 40 60
-13.29 22.15 31.24 250 40 60
-12.03 22.15 32.48 250 40 60
-10.76 22.15 33.33 250 40 60
-9.49 22.15 33.71 250 40 60
-8.23 22.15 33.63 250 40 60
-6.96 22.15 33.22 250 40 60
-5.70 22.15 32.72 240 190 40
-4.43 22.15 32.33 240 190 40
-3.16 22.15 32.18 240 190 40
-1.90 22.15 32.32 250 40 60
-0.63 22.15 32.63 250 40 60
0.63 22.15 32.98 250 40 60
1.90 22.15 33.17 250 40 60
3.16 22.15 33.12 250 40 60
4.43 22.15 32.81 250 40 60
5.70 22.15 32.36 240 190 40
6.96 22.15 31.90 240 190 40
8.23 22.15 31.57 30 230 140
9.49 22.15 31.45 30 230 140
10.76 22.15 31.48 240 190 40
12.03 22.15 31.51 240 190 40
13.29 22.15 31.36 250 40 60
14.56 22.15 30.85 250 40 60
15.82 22.15 29.92 250 40 60
17.09 22.15 28.62 250 40 60
18.35 22.15 27.13 250 40 60
19.62 22.15 25.69 250 40 60
20.89 22.15 24.52 250 40 60
22.15 22.15 23.74 250 40 60
23.42 22.15 23.35 250 40 60
24.68 22.15 23.23 240 190 40
25.95 22.15 23.19 240 190 40
27.22 22.15 23.04 240 190 40
28.48 22.15 22.68 250 40 60
29.75 22.15 22.12 250 40 60
31.01 22.15 21.46 250 40 60
32.28 22.15 20.88 240 190 40
33.54 22.15 20.54 30 230 140
34.81 22.15 20.52 240 190 40
36.08 22.15 20.79 250 40 60
37.34 22.15 21.21 250 40 60
38.61 22.15 21.60 250 40 60
39.87 22.15 21.80 240 190 40
41.14 22.15 21.74 240 190 40
42.41 22.15 21.44 240 190 40
43.67 22.15 21.03 240 190 40
44.94 22.15 20.71 30 230 140
46.20 22.15 20.62 30 230 140
47.47 22.15 20.83 240 190 40
48.73 22.15 21.30 240 190 40
50.00 22.15 21.87 240 190 40
-50.00 23.42 22.03 240 190 40
-48.73 23.42 22.22 30 230 140
-47.47 23.42 22.11 240 190 40
-46.20 23.42 21.75 240 190 40
-44.94 23.42 21.28 250 40 60
-43.67 23.42 20.89 240 190 40
-42.41 23.42 20.73 240 190 40
-41.14 23.42 20.86 240 190 40
-39.87 23.42 21.25 240 190 40
-38.61 23.42 21.73 240 190 40
-37.34 23.42 22.12 240 190 40
-36.08 23.42 22.27 240 190 40
-34.81 23.42 22.13 240 190 40
-33.54 23.42 21.74 250 40 60
-32.28 23.42 21.26 240 190 40
-31.01 23.42 20.89 240 190 40
-29.75 23.42 20.78 30 230 140
-28.48 23.42 21.00 240 190 40
-27.22 23.42 21.52 250 40 60
-25.95 23.42 22.21 250 40 60
-24.68 23.42 22.90 250 40 60
-23.42 23.42 23.46 240 190 40
-22.15 23.42 23.85 240 190 40
-20.89 23.42 24.15 250 40 60
-19.62 23.42 24.49 250 40 60
-18.35 23.42 25.05 250 40 60
-17.09 23.42 25.92 250 40 60
-15.82 23.42 27.11 250 40 60
-14.56 23.42 28.52 250 40 60
-13.29 23.42 29.93 250 40 60
-12.03 23.42 31.12 250 40 60
-10.76 23.42 31.92 250 40 60
-9.49 23.42 32.30 250 40 60
-8.23 23.42 32.30 250 40 60
-6.96 23.42 32.12 250 40 60
-5.70 23.42 31.95 250 40 60
-4.43 23.42 31.95 250 40 60
-3.16 23.42 32.21 240 190 40
-1.90 23.42 32.64 240 190 40
-0.63 23.42 33.12 240 190 40
0.63 23.42 33.47 30 230 140
1.90 23.42 33.54 30 230 140
3.16 23.42 33.29 240 190 40
4.43 23.42 32.80 250 40 60
5.70 23.42 32.19 250 40 60
6.96 23.42 31.65 250 40 60
8.23 23.42 31.27 250 40 60
9.49 23.42 31.07 250 40 60
10.76 23.42 30.96 250 40 60
12.03 23.42 30.75 250 40 60
13.29 23.42 30.29 250 40 60
14.56 23.42 29.45 250 40 60
15.82 23.42 28.25 250 40 60
17.09 23.42 26.82 250 40 60
18.35 23.42 25.37 250 40 60
19.62 23.42 24.13 250 40 60
20.89 23.42 23.26 250 40 60
22.15 23.42 22.80 250 40 60
23.42 23.42 22.69 250 40 60
24.68 23.42 22.73 240 190 40
25.95 23.42 22.74 240 190 40
27.22 23.42 22.57 240 190 40
28.48 23.42 22.19 250 40 60
29.75 23.42 21.65 250 40 60
31.01 23.42 21.12 240 190 40
32.28 23.42 20.77 30 230 140
33.54 23.42 20.70 30 230 140
34.81 23.42 20.94 240 190 40
36.08 23.42 21.38 250 40 60
37.34 23.42 21.84 250 40 60
38.61 23.42 22.14 240 190 40
39.87 23.42 22.17 240 190 40
41.14 23.42 21.91 240 190 40
42.41 23.42 21.46 240 190 40
43.67 23.42 21.01 240 190 40
44.94 23.42 20.72 30 230 140
46.20 23.42 20.71 30 230 140
47.47 23.42 21.00 240 190 40
48.73 23.42 21.46 240 190 40
50.00 23.42 21.93 240 190 40
-50.00 24.68 22.39 240 190 40
-48.73 24.68 22.31 30 230 140
-47.47 24.68 21.94 240 190 40
-46.20 24.68 21.39 250 40 60
-44.94 24.68 20.85 250 40 60
-43.67 24.68 20.51 240 190 40
-42.41 24.68 20.46 30 230 140
-41.14 24.68 20.71 240 190 40
-39.87 24.68 21.15 240 190 40
-38.61 24.68 21.60 240 190 40
-37.34 24.68 21.89 240 190 40
-36.08 24.68 21.91 240 190 40
-34.81 24.68 21.67 240 190 40
-33.54 24.68 21.28 240 190 40
-32.28 24.68 20.93 240 190 40
-31.01 24.68 20.77 30 230 140
-29.75 24.68 20.92 240 190 40
-28.48 24.68 21.36 250 40 60
-27.22 24.68 21.98 250 40 60
-25.95 24.68 22.61 250 40 60
-24.68 24.68 23.10 240 190 40
-23.42 24.68 23.36 30 230 140
-22.15 24.68 23.42 240 190 40
-20.89 24.68 23.43 250 40 60
-19.62 24.68 23.56 250 40 60
-18.35 24.68 23.99 250 40 60
-17.09 24.68 24.78 250 40 60
-15.82 24.68 25.90 250 40 60
-14.56 24.68 27.18 250 40 60
-13.29 24.68 28.41 250 40 60
-12.03 24.68 29.40 250 40 60
-10.76 24.68 30.03 250 40 60
-9.49 24.68 30.31 250 40 60
-8.23 24.68 30.36 250 40 60
-6.96 24.68 30.38 250 40 60
-5.70 24.68 30.53 250 40 60
-4.43 24.68 30.90 250 40 60
-3.16 24.68 31.48 250 40 60
-1.90 24.68 32.14 250 40 60
-0.63 24.68 32.70 250 40 60
0.63 24.68 32.99 250 40 60
1.90 24.68 32.94 250 40 60
3.16 24.68 32.56 250 40 60
4.43 24.68 31.97 250 40 60
5.70 24.68 31.34 250 40 60
6.96 24.68 30.83 250 40 60
8.23 24.68 30.49 250 40 60
9.49 24.68 30.29 250 40 60
10.76 24.68 30.07 250 40 60
12.03 24.68 29.68 250 40 60
13.29 24.68 28.97 250 40 60
14.56 24.68 27.90 250 40 60
15.82 24.68 26.55 250 40 60
17.09 24.68 25.11 250 40 60
18.35 24.68 23.81 250 40 60
19.62 24.68 22.83 250 40 60
20.89 24.68 22.27 250 40 60
22.15 24.68 22.09 250 40 60
23.42 24.68 22.16 240 190 40
24.68 24.68 22.28 240 190 40
25.95 24.68 22.27 240 190 40
27.22 24.68 22.05 250 40 60
28.48 24.68 21.65 250 40 60
29.75 24.68 21.19 250 40 60
31.01 24.68 20.85 240 190 40
32.28 24.68 20.76 30 230 140
33.54 24.68 20.98 240 190 40
34.81 24.68 21.44 250 40 60
36.08 24.68 21.98 250 40 60
37.34 24.68 22.41 250 40 60
38.61 24.68 22.58 240 190 40
39.87 24.68 22.43 240 190 40
41.14 24.68 22.01 240 190 40
42.41 24.68 21.49 240 190 40
43.67 24.68 21.05 240 190 40
44.94 24.68 20.84 30 230 140
46.20 24.68 20.92 240 190 40
47.47 24.68 21.23 240 190 40
48.73 24.68 21.62 240 190 40
50.00 24.68 21.92 240 190 40
-50.00 25.95 22.62 240 190 40
-48.73 25.95 22.28 240 190 40
-47.47 25.95 21.70 250 40 60
-46.20 25.95 21.04 250 40 60
-44.94 25.95 20.50 240 190 40
-43.67 25.95 20.24 30 230 140
-42.41 25.95 20.31 30 230 140
-41.14 25.95 20.64 240 190 40
-39.87 25.95 21.07 240 190 40
-38.61 25.95 21.43 240 190 40
-37.34 25.95 21.57 240 190 40
-36.08 25.95 21.46 240 190 40
-34.81 25.95 21.17 250 40 60
-33.54 25.95 20.85 240 190 40
-32.28 25.95 20.67 30 230 140
-31.01 25.95 20.77 30 230 140
-29.75 25.95 21.17 250 40 60
-28.48 25.95 21.79 250 40 60
-27.22 25.95 22.45 250 40 60
-25.95 25.95 22.99 240 190 40
-24.68 25.95 23.26 30 230 140
-23.42 25.95 23.25 30 230 140
-22.15 25.95 23.07 240 190 40
-20.89 25.95 22.88 240 190 40
-19.62 25.95 22.89 240 190 40
-18.35 25.95 23.23 250 40 60
-17.09 25.95 23.92 250 40 60
-15.82 25.95 24.88 250 40 60
-14.56 25.95 25.93 250 40 60
-13.29 25.95 26.85 250 40 60
-12.03 25.95 27.52 250 40 60
-10.76 25.95 27.88 250 40 60
-9.49 25.95 28.02 250 40 60
-8.23 25.95 28.10 250 40 60
-6.96 25.95 28.29 250 40 60
-5.70 25.95 28.71 250 40 60
-4.43 25.95 29.38 250 40 60
-3.16 25.95 30.18 250 40 60
-1.90 25.95 30.96 250 40 60
-0.63 25.95 31.52 250 40 60
0.63 25.95 31.73 250 40 60
1.90 25.95 31.58 250 40 60
3.16 25.95 31.13 250 40 60
4.43 25.95 30.56 250 40 60
5.70 25.95 30.03 250 40 60
6.96 25.95 29.66 250 40 60
8.23 25.95 29.43 250 40 60
9.49 25.95 29.26 250 40 60
10.76 25.95 28.99 250 40 60
12.03 25.95 28.44 250 40 60
13.29 25.95 27.55 250 40 60
14.56 25.95 26.34 250 40 60
15.82 25.95 24.96 250 40 60
17.09 25.95 23.62 250 40 60
18.35 25.95 22.54 250 40 60
19.62 25.95 21.85 250 40 60
20.89 25.95 21.57 250 40 60
22.15 25.95 21.60 240 190 40
23.42 25.95 21.75 240 190 40
24.68 25.95 21.85 240 190 40
25.95 25.95 21.77 240 190 40
27.22 25.95 21.49 250 40 60
28.48 25.95 21.11 250 40 60
29.75 25.95 20.79 240 190 40
31.01 25.95 20.68 30 230 140
32.28 25.95 20.87 240 190 40
33.54 25.95 21.34 250 40 60
34.81 25.95 21.95 250 40 60
36.08 25.95 22.53 250 40 60
37.34 25.95 22.87 240 190 40
38.61 25.95 22.88 240 190 40
39.87 25.95 22.57 240 190 40
41.14 25.95 22.06 240 190 40
42.41 25.95 21.53 240 190 40
43.67 25.95 21.16 240 190 40
44.94 25.95 21.06 30 230 140
46.20 25.95 21.20 240 190 40
47.47 25.95 21.49 240 190 40
48.73 25.95 21.76 30 230 140
50.00 25.95 21.83 30 230 140
-50.00 27.22 22.72 240 190 40
-48.73 27.22 22.16 250 40 60
-47.47 27.22 21.43 250 40 60
-46.20 27.22 20.74 250 40 60
-44.94 27.22 20.27 240 190 40
-43.67 27.22 20.12 30 230 140
-42.41 27.22 20.28 30 230 140
-41.14 27.22 20.63 240 190 40
-39.87 27.22 20.99 240 190 40
-38.61 27.22 21.21 30 230 140
-37.34 27.22 21.19 240 190 40
-36.08 27.22 20.97 240 190 40
-34.81 27.22 20.67 240 190 40
-33.54 27.22 20.48 240 190 40
-32.28 27.22 20.52 30 230 140
-31.01 27.22 20.88 240 190 40
-29.75 27.22 21.50 250 40 60
-28.48 27.22 22.23 250 40 60
-27.22 27.22 22.87 250 40 60
-25.95 27.22 23.27 240 190 40
-24.68 27.22 23.33 30 230 140
-23.42 27.22 23.12 240 190 40
-22.15 27.22 22.78 240 190 40
-20.89 27.22 22.50 240 190 40
-19.62 27.22 22.47 240 190 40
-18.35 27.22 22.76 240 190 40
-17.09 27.22 23.35 250 40 60
-15.82 27.22 24.10 250 40 60
-14.56 27.22 24.83 250 40 60
-13.29 27.22 25.38 250 40 60
-12.03 27.22 25.67 250 40 60
-10.76 27.22 25.74 250 40 60
-9.49 27.22 25.74 250 40 60
-8.23 27.22 25.84 250 40 60
-6.96 27.22 26.17 250 40 60
-5.70 27.22 26.80 250 40 60
-4.43 27.22 27.65 250 40 60
-3.16 27.22 28.57 250 40 60
-1.90 27.22 29.36 250 40 60
-0.63 27.22 29.84 250 40 60
0.63 27.22 29.96 250 40 60
1.90 27.22 29.74 250 40 60
3.16 27.22 29.32 250 40 60
4.43 27.22 28.87 250 40 60
5.70 27.22 28.53 250 40 60
6.96 27.22 28.36 250 40 60
8.23 27.22 28.28 250 40 60
9.49 27.22 28.17 250 40 60
10.76 27.22 27.84 250 40 60
12.03 27.22 27.18 250 40 60
13.29 27.22 26.17 250 40 60
14.56 27.22 24.90 250 40 60
15.82 27.22 23.58 250 40 60
17.09 27.22 22.43 250 40 60
18.35 27.22 21.60 250 40 60
19.62 27.22 21.19 240 190 40
20.89 27.22 21.13 240 190 40
22.15 27.22 21.27 240 190 40
23.42 27.22 21.41 240 190 40
24.68 27.22 21.43 240 190 40
25.95 27.22 21.25 240 190 40
27.22 27.22 20.93 250 40 60
28.48 27.22 20.62 240 190 40
29.75 27.22 20.47 30 230 140
31.01 27.22 20.62 240 190 40
32.28 27.22 21.07 250 40 60
33.54 27.22 21.74 250 40 60
34.81 27.22 22.44 250 40 60
36.08 27.22 22.97 240 190 40
37.34 27.22 23.19 30 230 140
38.61 27.22 23.04 240 190 40
39.87 27.22 22.62 240 190 40
41.14 27.22 22.08 240 190 40
42.41 27.22 21.61 240 190 40
43.67 27.22 21.36 30 230 140
44.94 27.22 21.36 240 190 40
46.20 27.22 21.54 240 190 40
47.47 27.22 21.75 240 190 40
48.73 27.22 21.83 30 230 140
50.00 27.22 21.66 240 190 40
-50.00 28.48 22.69 250 40 60
-48.73 28.48 21.96 250 40 60
-47.47 28.48 21.17 250 40 60
-46.20 28.48 20.52 240 190 40
-44.94 28.48 20.16 30 230 140
-43.67 28.48 20.13 30 230 140
-42.41 28.48 20.35 240 190 40
-41.14 28.48 20.66 240 190 40
-39.87 28.48 20.90 30 230 140
-38.61 28.48 20.94 240 190 40
-37.34 28.48 20.77 240 190 40
-36.08 28.48 20.48 240 190 40
-34.81 28.48 20.24 240 190 40
-33.54 28.48 20.21 30 230 140
-32.28 28.48 20.50 240 190 40
-31.01 28.48 21.09 250 40 60
-29.75 28.48 21.86 250 40 60
-28.48 28.48 22.62 250 40 60
-27.22 28.48 23.18 240 190 40
-25.95 28.48 23.41 30 230 140
-24.68 28.48 23.30 30 230 140
-23.42 28.48 22.95 240 190 40
-22.15 28.48 22.55 240 190 40
-20.89 28.48 22.28 30 230 140
-19.62 28.48 22.28 30 230 140
-18.35 28.48 22.56 240 190 40
-17.09 28.48 23.03 240 190 40
-15.82 28.48 23.54 250 40 60
-14.56 28.48 23.91 250 40 60
-13.29 28.48 24.06 250 40 60
-12.03 28.48 23.99 250 40 60
-10.76 28.48 23.81 250 40 60
-9.49 28.48 23.70 250 40 60
-8.23 28.48 23.82 250 40 60
-6.96 28.48 24.27 250 40 60
-5.70 28.48 25.03 250 40 60
-4.43 28.48 25.97 250 40 60
-3.16 28.48 26.88 250 40 60
-1.90 28.48 27.59 250 40 60
-0.63 28.48 27.95 250 40 60
0.63 28.48 27.97 250 40 60
1.90 28.48 27.74 250 40 60
3.16 28.48 27.42 250 40 60
4.43 28.48 27.17 250 40 60
5.70 28.48 27.08 250 40 60
6.96 28.48 27.13 250 40 60
8.23 28.48 27.20 250 40 60
9.49 28.48 27.12 250 40 60
10.76 28.48 26.74 250 40 60
12.03 28.48 25.98 250 40 60
13.29 28.48 24.91 250 40 60
14.56 28.48 23.68 250 40 60
15.82 28.48 22.49 250 40 60
17.09 28.48 21.57 250 40 60
18.35 28.48 21.01 240 190 40
19.62 28.48 20.83 30 230 140
20.89 28.48 20.90 30 230 140
22.15 28.48 21.06 30 230 140
23.42 28.48 21.12 240 190 40
24.68 28.48 21.01 240 190 40
25.95 28.48 20.74 240 190 40
27.22 28.48 20.42 240 190 40
28.48 28.48 20.22 240 190 40
29.75 28.48 20.29 30 230 140
31.01 28.48 20.68 240 190 40
32.28 28.48 21.35 250 40 60
33.54 28.48 22.14 250 40 60
34.81 28.48 22.84 250 40 60
36.08 28.48 23.26 240 190 40
37.34 28.48 23.33 30 230 140
38.61 28.48 23.06 240 190 40
39.87 28.48 22.58 240 190 40
41.14 28.48 22.09 240 190 40
42.41 28.48 21.74 240 190 40
43.67 28.48 21.62 240 190 40
44.94 28.48 21.71 240 190 40
46.20 28.48 21.88 240 190 40
47.47 28.48 21.96 30 230 140
48.73 28.48 21.83 240 190 40
50.00 28.48 21.42 240 190 40
-50.00 29.75 22.54 250 40 60
-48.73 29.75 21.72 250 40 60
-47.47 29.75 20.96 250 40 60
-46.20 29.75 20.42 240 190 40
-44.94 29.75 20.20 30 230 140
-43.67 29.75 20.27 30 230 140
-42.41 29.75 20.50 240 190 40
-41.14 29.75 20.72 30 230 140
-39.87 29.75 20.79 30 230 140
-38.61 29.75 20.65 240 190 40
-37.34 29.75 20.36 240 190 40
-36.08 29.75 20.06 240 190 40
-34.81 29.75 19.92 30 230 140
-33.54 29.75 20.09 240 190 40
-32.28 29.75 20.59 250 40 60
-31.01 29.75 21.36 250 40 60
-29.75 29.75 22.20 250 40 60
-28.48 29.75 22.92 250 40 60
-27.22 29.75 23.34 30 230 140
-25.95 29.75 23.40 30 230 140
-24.68 29.75 23.16 240 190 40
-23.42 29.75 22.75 240 190 40
-22.15 29.75 22.38 240 190 40
-20.89 29.75 22.20 30 230 140
-19.62 29.75 22.27 30 230 140
-18.35 29.75 22.54 240 190 40
-17.09 29.75 22.88 240 190 40
-15.82 29.75 23.13 240 190 40
-14.56 29.75 23.17 250 40 60
-13.29 29.75 22.96 250 40 60
-12.03 29.75 22.59 250 40 60
-10.76 29.75 22.23 250 40 60
-9.49 29.75 22.07 250 40 60
-8.23 29.75 22.24 250 40 60
-6.96 29.75 22.78 250 40 60
-5.70 29.75 23.60 250 40 60
-4.43 29.75 24.52 250 40 60
-3.16 29.75 25.33 250 40 60
-1.90 29.75 25.87 250 40 60
-0.63 29.75 26.09 250 40 60
0.63 29.75 26.04 250 40 60
1.90 29.75 25.85 250 40 60
3.16 29.75 25.70 250 40 60
4.43 29.75 25.69 250 40 60
5.70 29.75 25.86 250 40 60
6.96 29.75 26.11 250 40 60
8.23 29.75 26.27 250 40 60
9.49 29.75 26.19 250 40 60
10.76 29.75 25.74 250 40 60
12.03 29.75 24.91 250 40 60
13.29 29.75 23.83 250 40 60
14.56 29.75 22.70 250 40 60
15.82 29.75 21.71 250 40 60
17.09 29.75 21.04 250 40 60
18.35 29.75 20.73 30 230 140
19.62 29.75 20.72 30 230 140
20.89 29.75 20.84 30 230 140
22.15 29.75 20.93 30 230 140
23.42 29.75 20.86 240 190 40
24.68 29.75 20.61 240 190 40
25.95 29.75 20.27 240 190 40
27.22 29.75 20.00 240 190 40
28.48 29.75 19.95 30 230 140
29.75 29.75 20.24 240 190 40
31.01 29.75 20.85 250 40 60
32.28 29.75 21.66 250 40 60
33.54 29.75 22.48 250 40 60
34.81 29.75 23.10 240 190 40
36.08 29.75 23.38 30 230 140
37.34 29.75 23.30 30 230 140
38.61 29.75 22.95 240 190 40
39.87 29.75 22.49 240 190 40
41.14 29.75 22.10 240 190 40
42.41 29.75 21.90 30 230 140
43.67 29.75 21.92 240 190 40
44.94 29.75 22.06 240 190 40
46.20 29.75 22.17 30 230 140
47.47 29.75 22.10 30 230 140
48.73 29.75 21.74 240 190 40
50.00 29.75 21.13 250 40 60
-50.00 31.01 22.29 250 40 60
-48.73 31.01 21.49 250 40 60
-47.47 31.01 20.83 240 190 40
-46.20 31.01 20.45 30 230 140
-44.94 31.01 20.38 30 230 140
-43.67 31.01 20.51 240 190 40
-42.41 31.01 20.70 30 230 140
-41.14 31.01 20.77 30 230 140
-39.87 31.01 20.66 30 230 140
-38.61 31.01 20.36 240 190 40
-37.34 31.01 19.99 240 190 40
-36.08 31.01 19.74 240 190 40
-34.81 31.01 19.75 30 230 140
-33.54 31.01 20.11 240 190 40
-32.28 31.01 20.79 250 40 60
-31.01 31.01 21.65 250 40 60
-29.75 31.01 22.48 250 40 60
-28.48 31.01 23.07 240 190 40
-27.22 31.01 23.33 30 230 140
-25.95 31.01 23.24 240 190 40
-24.68 31.01 22.91 240 190 40
-23.42 31.01 22.54 240 190 40
-22.15 31.01 22.27 30 230 140
-20.89 31.01 22.22 30 230 140
-19.62 31.01 22.38 30 230 140
-18.35 31.01 22.64 30 230 140
-17.09 31.01 22.84 30 230 140
-15.82 31.01 22.83 240 190 40
-14.56 31.01 22.56 250 40 60
-13.29 31.01 22.07 250 40 60
-12.03 31.01 21.50 250 40 60
-10.76 31.01 21.06 250 40 60
-9.49 31.01 20.93 250 40 60
-8.23 31.01 21.17 250 40 60
-6.96 31.01 21.77 250 40 60
-5.70 31.01 22.57 250 40 60
-4.43 31.01 23.39 250 40 60
-3.16 31.01 24.02 250 40 60
-1.90 31.01 24.37 250 40 60
-0.63 31.01 24.45 250 40 60
0.63 31.01 24.36 250 40 60
1.90 31.01 24.26 250 40 60
3.16 31.01 24.31 250 40 60
4.43 31.01 24.55 250 40 60
5.70 31.01 24.93 250 40 60
6.96 31.01 25.31 250 40 60
8.23 31.01 25.51 250 40 60
9.49 31.01 25.38 250 40 60
10.76 31.01 24.84 250 40 60
12.03 31.01 23.98 250 40 60
13.29 31.01 22.95 250 40 60
14.56 31.01 21.98 250 40 60
15.82 31.01 21.23 250 40 60
17.09 31.01 20.81 240 190 40
18.35 31.01 20.71 30 230 140
19.62 31.01 20.78 30 230 140
20.89 31.01 20.88 30 230 140
22.15 31.01 20.84 30 230 140
23.42 31.01 20.62 240 190 40
24.68 31.01 20.25 240 190 40
25.95 31.01 19.89 240 190 40
27.22 31.01 19.71 30 230 140
28.48 31.01 19.84 240 190 40
29.75 31.01 20.33 250 40 60
31.01 31.01 21.10 250 40 60
32.28 31.01 21.96 250 40 60
33.54 31.01 22.73 250 40 60
34.81 31.01 23.20 240 190 40
36.08 31.01 23.32 30 230 140
37.34 31.01 23.12 240 190 40
38.61 31.01 22.74 240 190 40
39.87 31.01 22.36 240 190 40
41.14 31.01 22.13 30 230 140
42.41 31.01 22.10 30 230 140
43.67 31.01 22.23 240 190 40
44.94 31.01 22.39 240 190 40
46.20 31.01 22.39 30 230 140
47.47 31.01 22.13 240 190 40
48.73 31.01 21.58 250 40 60
50.00 31.01 20.82 250 40 60
-50.00 32.28 22.00 250 40 60
-48.73 32.28 21.29 250 40 60
-47.47 32.28 20.80 240 190 40
-46.20 32.28 20.60 30 230 140
-44.94 32.28 20.65 240 190 40
-43.67 32.28 20.81 240 190 40
-42.41 32.28 20.90 30 230 140
-41.14 32.28 20.81 30 230 140
-39.87 32.28 20.52 240 190 40
-38.61 32.28 20.11 240 190 40
-37.34 32.28 19.73 240 190 40
-36.08 32.28 19.56 30 230 140
-34.81 32.28 19.74 240 190 40
-33.54 32.28 20.28 250 40 60
-32.28 32.28 21.07 250 40 60
-31.01 32.28 21.93 250 40 60
-29.75 32.28 22.65 240 190 40
-28.48 32.28 23.07 30 230 140
-27.22 32.28 23.15 30 230 140
-25.95 32.28 22.94 240 190 40
-24.68 32.28 22.60 240 190 40
-23.42 32.28 22.32 240 190 40
-22.15 32.28 22.21 30 230 140
-20.89 32.28 22.31 30 230 140
-19.62 32.28 22.54 240 190 40
-18.35 32.28 22.76 30 230 140
-17.09 32.28 22.81 30 230 140
-15.82 32.28 22.57 240 190 40
-14.56 32.28 22.06 250 40 60
-13.29 32.28 21.38 250 40 60
-12.03 32.28 20.74 250 40 60
-10.76 32.28 20.32 250 40 60
-9.49 32.28 20.27 240 190 40
-8.23 32.28 20.60 250 40 60
-6.96 32.28 21.22 250 40 60
-5.70 32.28 21.95 250 40 60
-4.43 32.28 22.59 250 40 60
-3.16 32.28 23.00 250 40 60
-1.90 32.28 23.14 250 40 60
-0.63 32.28 23.10 250 40 60
0.63 32.28 23.02 250 40 60
1.90 32.28 23.06 250 40 60
3.16 32.28 23.30 250 40 60
4.43 32.28 23.75 250 40 60
5.70 32.28 24.28 250 40 60
6.96 32.28 24.72 250 40 60
8.23 32.28 24.87 250 40 60
9.49 32.28 24.65 250 40 60
10.76 32.28 24.04 250 40 60
12.03 32.28 23.18 250 40 60
13.29 32.28 22.27 250 40 60
14.56 32.28 21.50 250 40 60
15.82 32.28 21.01 240 190 40
17.09 32.28 20.83 30 230 140
18.35 32.28 20.86 30 230 140
19.62 32.28 20.96 30 230 140
20.89 32.28 20.96 30 230 140
22.15 32.28 20.77 240 190 40
23.42 32.28 20.40 240 190 40
24.68 32.28 19.97 240 190 40
25.95 32.28 19.64 30 230 140
27.22 32.28 19.59 30 230 140
28.48 32.28 19.90 240 190 40
29.75 32.28 20.54 250 40 60
31.01 32.28 21.39 250 40 60
32.28 32.28 22.22 250 40 60
33.54 32.28 22.84 240 190 40
34.81 32.28 23.14 30 230 140
36.08 32.28 23.09 240 190 40
37.34 32.28 22.81 240 190 40
38.61 32.28 22.47 240 190 40
39.87 32.28 22.22 30 230 140
41.14 32.28 22.17 30 230 140
42.41 32.28 22.31 30 230 140
43.67 32.28 22.51 240 190 40
44.94 32.28 22.63 30 230 140
46.20 32.28 22.50 240 190 40
47.47 32.28 22.06 240 190 40
48.73 32.28 21.36 250 40 60
50.00 32.28 20.54 250 40 60
-50.00 33.54 21.69 250 40 60
-48.73 33.54 21.15 240 190 40
-47.47 33.54 20.87 30 230 140
-46.20 33.54 20.86 240 190 40
-44.94 33.54 20.99 240 190 40
-43.67 33.54 21.12 240 190 40
-42.41 33.54 21.09 30 230 140
-41.14 33.54 20.84 240 190 40
-39.87 33.54 20.40 240 190 40
-38.61 33.54 19.93 240 190 40
-37.34 33.54 19.60 30 230 140
-36.08 33.54 19.57 30 230 140
-34.81 33.54 19.91 240 190 40
-33.54 33.54 20.56 250 40 60
-32.28 33.54 21.38 250 40 60
-31.01 33.54 22.15 250 40 60
-29.75 33.54 22.69 240 190 40
-28.48 33.54 22.91 30 230 140
-27.22 33.54 22.82 240 190 40
-25.95 33.54 22.54 240 190 40
-24.68 33.54 22.25 240 190 40
-23.42 33.54 22.11 30 230 140
-22.15 33.54 22.18 30 230 140
-20.89 33.54 22.42 240 190 40
-19.62 33.54 22.70 30 230 140
-18.35 33.54 22.85 30 230 140
-17.09 33.54 22.73 240 190 40
-15.82 33.54 22.30 250 40 60
-14.56 33.54 21.63 250 40 60
-13.29 33.54 20.89 250 40 60
-12.03 33.54 20.28 240 190 40
-10.76 33.54 19.98 30 230 140
-9.49 33.54 20.05 30 230 140
-8.23 33.54 20.46 240 190 40
-6.96 33.54 21.06 250 40 60
-5.70 33.54 21.65 240 190 40
-4.43 33.54 22.07 240 190 40
-3.16 33.54 22.24 250 40 60
-1.90 33.54 22.20 250 40 60
-0.63 33.54 22.09 250 40 60
0.63 33.54 22.06 250 40 60
1.90 33.54 22.24 250 40 60
3.16 33.54 22.66 250 40 60
4.43 33.54 23.25 250 40 60
5.70 33.54 23.85 250 40 60
6.96 33.54 24.24 240 190 40
8.23 33.54 24.30 250 40 60
9.49 33.54 23.96 250 40 60
10.76 33.54 23.31 250 40 60
12.03 33.54 22.50 250 40 60
13.29 33.54 21.76 250 40 60
14.56 33.54 21.23 240 190 40
15.82 33.54 21.00 30 230 140
17.09 33.54 21.01 30 230 140
18.35 33.54 21.13 240 190 40
19.62 33.54 21.18 30 230 140
20.89 33.54 21.05 30 230 140
22.15 33.54 20.71 240 190 40
23.42 33.54 20.24 240 190 40
24.68 33.54 19.79 240 190 40
25.95 33.54 19.55 30 230 140
27.22 33.54 19.65 240 190 40
28.48 33.54 20.11 250 40 60
29.75 33.54 20.85 250 40 60
31.01 33.54 21.68 250 40 60
32.28 33.54 22.38 240 190 40
33.54 33.54 22.81 240 190 40
34.81 33.54 22.91 240 190 40
36.08 33.54 22.73 240 190 40
37.34 33.54 22.43 240 190 40
38.61 33.54 22.17 240 190 40
39.87 33.54 22.10 30 230 140
41.14 33.54 22.23 30 230 140
42.41 33.54 22.49 240 190 40
43.67 33.54 22.72 30 230 140
44.94 33.54 22.75 30 230 140
46.20 33.54 22.48 240 190 40
47.47 33.54 21.90 250 40 60
48.73 33.54 21.12 250 40 60
50.00 33.54 20.32 250 40 60
-50.00 34.81 21.41 240 190 40
-48.73 34.81 21.09 30 230 140
-47.47 34.81 21.03 30 230 140
-46.20 34.81 21.17 240 190 40
-44.94 34.81 21.35 240 190 40
-43.67 34.81 21.41 240 190 40
-42.41 34.81 21.24 240 190 40
-41.14 34.81 20.84 240 190 40
-39.87 34.81 20.32 240 190 40
-38.61 34.81 19.86 240 190 40
-37.34 34.81 19.63 30 230 140
-36.08 34.81 19.75 240 190 40
-34.81 34.81 20.22 250 40 60
-33.54 34.81 20.93 250 40 60
-32.28 34.81 21.69 250 40 60
-31.01 34.81 22.29 240 190 40
-29.75 34.81 22.60 30 230 140
-28.48 34.81 22.60 240 190 40
-27.22 34.81 22.38 240 190 40
-25.95 34.81 22.09 240 190 40
-24.68 34.81 21.91 240 190 40
-23.42 34.81 21.93 30 230 140
-22.15 34.81 22.17 240 190 40
-20.89 34.81 22.51 240 190 40
-19.62 34.81 22.79 30 230 140
-18.35 34.81 22.84 30 230 140
-17.09 34.81 22.58 240 190 40
-15.82 34.81 22.01 250 40 60
-14.56 34.81 21.28 250 40 60
-13.29 34.81 20.58 250 40 60
-12.03 34.81 20.10 240 190 40
-10.76 34.81 19.97 30 230 140
-9.49 34.81 20.19 240 190 40
-8.23 34.81 20.65 240 190 40
-6.96 34.81 21.17 240 190 40
-5.70 34.81 21.57 240 190 40
-4.43 34.81 21.75 30 230 140
-3.16 34.81 21.70 240 190 40
-1.90 34.81 21.52 250 40 60
-0.63 34.81 21.39 240 190 40
0.63 34.81 21.44 240 190 40
1.90 34.81 21.76 240 190 40
3.16 34.81 22.31 250 40 60
4.43 34.81 22.96 250 40 60
5.70 34.81 23.52 240 190 40
6.96 34.81 23.80 240 190 40
8.23 34.81 23.72 250 40 60
9.49 34.81 23.28 250 40 60
10.76 34.81 22.62 250 40 60
12.03 34.81 21.94 250 40 60
13.29 34.81 21.41 240 190 40
14.56 34.81 21.15 30 230 140
15.82 34.81 21.15 30 230 140
17.09 34.81 21.30 240 190 40
18.35 34.81 21.43 240 190 40
19.62 34.81 21.40 30 230 140
20.89 34.81 21.13 240 190 40
22.15 34.81 20.67 240 190 40
23.42 34.81 20.14 240 190 40
24.68 34.81 19.74 30 230 140
25.95 34.81 19.63 30 230 140
27.22 34.81 19.89 240 190 40
28.48 34.81 20.46 250 40 60
29.75 34.81 21.21 250 40 60
31.01 34.81 21.93 250 40 60
32.28 34.81 22.44 240 190 40
33.54 34.81 22.63 30 230 140
34.81 34.81 22.54 240 190 40
36.08 34.81 22.27 240 190 40
37.34 34.81 22.00 240 190 40
38.61 34.81 21.89 240 190 40
39.87 34.81 21.99 30 230 140
41.14 34.81 22.28 240 190 40
42.41 34.81 22.61 240 190 40
43.67 34.81 22.82 30 230 140
44.94 34.81 22.74 30 230 140
46.20 34.81 22.34 240 190 40
47.47 34.81 21.67 250 40 60
48.73 34.81 20.89 250 40 60
50.00 34.81 20.21 250 40 60
-50.00 36.08 21.19 30 230 140
-48.73 36.08 21.12 30 230 140
-47.47 36.08 21.27 240 190 40
-46.20 36.08 21.51 240 190 40
-44.94 36.08 21.69 240 190 40
-43.67 36.08 21.65 30 230 140
-42.41 36.08 21.35 240 190 40
-41.14 36.08 20.85 240 190 40
-39.87 36.08 20.31 240 190 40
-38.61 36.08 19.93 240 190 40
-37.34 36.08 19.84 240 190 40
-36.08 36.08 20.10 250 40 60
-34.81 36.08 20.66 250 40 60
-33.54 36.08 21.34 250 40 60
-32.28 36.08 21.94 240 190 40
-31.01 36.08 22.31 30 230 140
-29.75 36.08 22.38 240 190 40
-28.48 36.08 22.18 240 190 40
-27.22 36.08 21.88 240 190 40
-25.95 36.08 21.64 240 190 40
-24.68 36.08 21.59 240 190 40
-23.42 36.08 21.79 240 190 40
-22.15 36.08 22.16 240 190 40
-20.89 36.08 22.55 240 190 40
-19.62 36.08 22.78 30 230 140
-18.35 36.08 22.71 240 190 40
-17.09 36.08 22.33 250 40 60
-15.82 36.08 21.70 250 40 60
-14.56 36.08 21.00 250 40 60
-13.29 36.08 20.44 240 190 40
-12.03 36.08 20.17 30 230 140
-10.76 36.08 20.23 240 190 40
-9.49 36.08 20.57 250 40 60
-8.23 36.08 21.03 250 40 60
-6.96 36.08 21.43 240 190 40
-5.70 36.08 21.62 30 230 140
-4.43 36.08 21.56 30 230 140
-3.16 36.08 21.33 240 190 40
-1.90 36.08 21.07 240 190 40
-0.63 36.08 20.96 240 190 40
0.63 36.08 21.11 240 190 40
1.90 36.08 21.54 240 190 40
3.16 36.08 22.16 250 40 60
4.43 36.08 22.78 240 190 40
5.70 36.08 23.22 240 190 40
6.96 36.08 23.33 240 190 40
8.23 36.08 23.09 250 40 60
9.49 36.08 22.58 250 40 60
10.76 36.08 21.98 250 40 60
12.03 36.08 21.47 240 190 40
13.29 36.08 21.20 30 230 140
14.56 36.08 21.20 30 230 140
15.82 36.08 21.39 240 190 40
17.09 36.08 21.62 240 190 40
18.35 36.08 21.72 30 230 140
19.62 36.08 21.58 240 190 40
20.89 36.08 21.19 240 190 40
22.15 36.08 20.65 240 190 40
23.42 36.08 20.15 240 190 40
24.68 36.08 19.85 30 230 140
25.95 36.08 19.89 240 190 40
27.22 36.08 20.28 250 40 60
28.48 36.08 20.90 250 40 60
29.75 36.08 21.57 250 40 60
31.01 36.08 22.11 240 190 40
32.28 36.08 22.37 30 230 140
33.54 36.08 22.33 240 190 40
34.81 36.08 22.08 240 190 40
36.08 36.08 21.78 240 190 40
37.34 36.08 21.59 240 190 40
38.61 36.08 21.64 240 190 40
39.87 36.08 21.91 240 190 40
41.14 36.08 22.30 240 190 40
42.41 36.08 22.65 30 230 140
43.67 36.08 22.78 30 230 140
44.94 36.08 22.59 240 190 40
46.20 36.08 22.09 250 40 60
47.47 36.08 21.40 250 40 60
48.73 36.08 20.72 250 40 60
50.00 36.08 20.23 240 190 40
-50.00 37.34 21.05 30 230 140
-48.73 37.34 21.21 240 190 40
-47.47 37.34 21.53 240 190 40
-46.20 37.34 21.84 240 190 40
-44.94 37.34 21.96 30 230 140
-43.67 37.34 21.82 240 190 40
-42.41 37.34 21.41 240 190 40
-41.14 37.34 20.88 240 190 40
-39.87 37.34 20.39 240 190 40
-38.61 37.34 20.14 240 190 40
-37.34 37.34 20.21 240 190 40
-36.08 37.34 20.59 250 40 60
-34.81 37.34 21.16 250 40 60
-33.54 37.34 21.73 250 40 60
-32.28 37.34 22.12 240 190 40
-31.01 37.34 22.22 30 230 140
-29.75 37.34 22.04 240 190 40
-28.48 37.34 21.71 250 40 60
-27.22 37.34 21.38 240 190 40
-25.95 37.34 21.22 240 190 40
-24.68 37.34 21.33 240 190 40
-23.42 37.34 21.67 240 190 40
-22.15 37.34 22.12 240 190 40
-20.89 37.34 22.50 240 190 40
-19.62 37.34 22.64 30 230 140
-18.35 37.34 22.46 240 190 40
-17.09 37.34 21.99 250 40 60
-15.82 37.34 21.38 250 40 60
-14.56 37.34 20.81 240 190 40
-13.29 37.34 20.46 30 230 140
-12.03 37.34 20.43 240 190 40
-10.76 37.34 20.69 250 40 60
-9.49 37.34 21.11 250 40 60
-8.23 37.34 21.52 240 190 40
-6.96 37.34 21.75 240 190 40
-5.70 37.34 21.72 30 230 140
-4.43 37.34 21.46 240 190 40
-3.16 37.34 21.10 240 190 40
-1.90 37.34 20.81 30 230 140
-0.63 37.34 20.76 30 230 140
0.63 37.34 21.01 240 190 40
1.90 37.34 21.50 240 190 40
3.16 37.34 22.10 240 190 40
4.43 37.34 22.61 240 190 40
5.70 37.34 22.87 240 190 40
6.96 37.34 22.79 250 40 60
8.23 37.34 22.42 250 40 60
9.49 37.34 21.89 250 40 60
10.76 37.34 21.41 250 40 60
12.03 37.34 21.12 240 190 40
13.29 37.34 21.11 30 230 140
14.56 37.34 21.34 240 190 40
15.82 37.34 21.67 240 190 40
17.09 37.34 21.92 240 190 40
18.35 37.34 21.95 30 230 140
19.62 37.34 21.70 240 190 40
20.89 37.34 21.23 240 190 40
22.15 37.34 20.69 240 190 40
23.42 37.34 20.27 240 190 40
24.68 37.34 20.12 240 190 40
25.95 37.34 20.32 250 40 60
27.22 37.34 20.79 250 40 60
28.48 37.34 21.38 250 40 60
29.75 37.34 21.90 240 190 40
31.01 37.34 22.19 30 230 140
32.28 37.34 22.18 30 230 140
33.54 37.34 21.93 240 190 40
34.81 37.34 21.58 250 40 60
36.08 37.34 21.30 240 190 40
37.34 37.34 21.23 240 190 40
38.61 37.34 21.43 240 190 40
39.87 37.34 21.83 240 190 40
41.14 37.34 22.27 240 190 40
42.41 37.34 22.58 30 230 140
43.67 37.34 22.61 240 190 40
44.94 37.34 22.31 240 190 40
46.20 37.34 21.76 250 40 60
47.47 37.34 21.14 250 40 60
48.73 37.34 20.63 240 190 40
50.00 37.34 20.38 240 190 40
-50.00 38.61 20.99 240 190 40
-48.73 38.61 21.36 240 190 40
-47.47 38.61 21.79 240 190 40
-46.20 38.61 22.10 240 190 40
-44.94 38.61 22.15 30 230 140
-43.67 38.61 21.90 240 190 40
-42.41 38.61 21.45 240 190 40
-41.14 38.61 20.95 240 190 40
-39.87 38.61 20.58 240 190 40
-38.61 38.61 20.50 240 190 40
-37.34 38.61 20.72 250 40 60
-36.08 38.61 21.17 250 40 60
-34.81 38.61 21.68 250 40 60
-33.54 38.61 22.07 240 190 40
-32.28 38.61 22.19 30 230 140
-31.01 38.61 22.03 240 190 40
-29.75 38.61 21.65 240 190 40
-28.48 38.61 21.22 250 40 60
-27.22 38.61 20.92 240 190 40
-25.95 38.61 20.88 240 190 40
-24.68 38.61 21.13 240 190 40
-23.42 38.61 21.57 240 190 40
-22.15 38.61 22.03 240 190 40
-20.89 38.61 22.34 240 190 40
-19.62 38.61 22.37 240 190 40
-18.35 38.61 22.09 240 190 40
-17.09 38.61 21.60 250 40 60
-15.82 38.61 21.08 240 190 40
-14.56 38.61 20.72 30 230 140
-13.29 38.61 20.63 30 230 140
-12.03 38.61 20.84 240 190 40
-10.76 38.61 21.25 250 40 60
-9.49 38.61 21.70 250 40 60
-8.23 38.61 22.01 240 190 40
-6.96 38.61 22.05 240 190 40
-5.70 38.61 21.82 240 190 40
-4.43 38.61 21.40 240 190 40
-3.16 38.61 20.98 240 190 40
-1.90 38.61 20.72 30 230 140
-0.63 38.61 20.75 30 230 140
0.63 38.61 21.07 240 190 40
1.90 38.61 21.57 240 190 40
3.16 38.61 22.07 240 190 40
4.43 38.61 22.40 240 190 40
5.70 38.61 22.43 240 190 40
6.96 38.61 22.17 250 40 60
8.23 38.61 21.71 250 40 60
9.49 38.61 21.23 250 40 60
10.76 38.61 20.92 240 190 40
12.03 38.61 20.88 30 230 140
13.29 38.61 21.12 240 190 40
14.56 38.61 21.53 240 190 40
15.82 38.61 21.93 240 190 40
17.09 38.61 22.15 30 230 140
18.35 38.61 22.09 30 230 140
19.62 38.61 21.76 240 190 40
20.89 38.61 21.26 240 190 40
22.15 38.61 20.79 240 190 40
23.42 38.61 20.52 240 190 40
24.68 38.61 20.54 240 190 40
25.95 38.61 20.86 250 40 60
27.22 38.61 21.36 250 40 60
28.48 38.61 21.84 250 40 60
29.75 38.61 22.15 30 230 140
31.01 38.61 22.16 30 230 140
32.28 38.61 21.90 240 190 40
33.54 38.61 21.49 250 40 60
34.81 38.61 21.09 240 190 40
36.08 38.61 20.87 240 190 40
37.34 38.61 20.94 240 190 40
38.61 38.61 21.28 240 190 40
39.87 38.61 21.75 240 190 40
41.14 38.61 22.17 240 190 40
42.41 38.61 22.39 30 230 140
43.67 38.61 22.30 240 190 40
44.94 38.61 21.93 250 40 60
46.20 38.61 21.40 250 40 60
47.47 38.61 20.92 240 190 40
48.73 38.61 20.64 30 230 140
50.00 38.61 20.66 240 190 40
-50.00 39.87 21.01 240 190 40
-48.73 39.87 21.53 240 190 40
-47.47 39.87 22.00 240 190 40
-46.20 39.87 22.26 30 230 140
-44.94 39.87 22.23 30 230 140
-43.67 39.87 21.92 240 190 40
-42.41 39.87 21.47 240 190 40
-41.14 39.87 21.07 240 190 40
-39.87 39.87 20.88 240 190 40
-38.61 39.87 20.98 240 190 40
-37.34 39.87 21.32 250 40 60
-36.08 39.87 21.77 250 40 60
-34.81 39.87 22.16 240 190 40
-33.54 39.87 22.31 30 230 140
-32.28 39.87 22.16 240 190 40
-31.01 39.87 21.75 240 190 40
-29.75 39.87 21.23 250 40 60
-28.48 39.87 20.77 240 190 40
-27.22 39.87 20.55 240 190 40
-25.95 39.87 20.64 240 190 40
-24.68 39.87 21.00 240 190 40
-23.42 39.87 21.47 240 190 40
-22.15 39.87 21.88 240 190 40
-20.89 39.87 22.08 240 190 40
-19.62 39.87 21.98 240 190 40
-18.35 39.87 21.64 250 40 60
-17.09 39.87 21.20 240 190 40
-15.82 39.87 20.85 240 190 40
-14.56 39.87 20.74 30 230 140
-13.29 39.87 20.92 240 190 40
-12.03 39.87 21.34 250 40 60
-10.76 39.87 21.85 250 40 60
-9.49 39.87 22.27 250 40 60
-8.23 39.87 22.43 240 190 40
-6.96 39.87 22.29 240 190 40
-5.70 39.87 21.89 240 190 40
-4.43 39.87 21.38 240 190 40
-3.16 39.87 20.96 240 190 40
-1.90 39.87 20.78 30 230 140
-0.63 39.87 20.90 240 190 40
0.63 39.87 21.24 240 190 40
1.90 39.87 21.68 240 190 40
3.16 39.87 22.02 30 230 140
4.43 39.87 22.11 240 190 40
5.70 39.87 21.92 250 40 60
6.96 39.87 21.50 250 40 60
8.23 39.87 21.01 250 40 60
9.49 39.87 20.65 240 190 40
10.76 39.87 20.54 240 190 40
12.03 39.87 20.75 240 190 40
13.29 39.87 21.20 240 190 40
14.56 39.87 21.72 240 190 40
15.82 39.87 22.13 240 190 40
17.09 39.87 22.29 30 230 140
18.35 39.87 22.14 30 230 140
19.62 39.87 21.76 240 190 40
20.89 39.87 21.31 240 190 40
22.15 39.87 20.97 240 190 40
23.42 39.87 20.88 240 190 40
24.68 39.87 21.08 250 40 60
25.95 39.87 21.48 250 40 60
27.22 39.87 21.93 250 40 60
28.48 39.87 22.24 240 190 40
29.75 39.87 22.29 30 230 140
31.01 39.87 22.04 240 190 40
32.28 39.87 21.57 250 40 60
33.54 39.87 21.04 250 40 60
34.81 39.87 20.66 240 190 40
36.08 39.87 20.55 240 190 40
37.34 39.87 20.75 240 190 40
38.61 39.87 21.16 240 190 40
39.87 39.87 21.64 240 190 40
41.14 39.87 21.99 240 190 40
42.41 39.87 22.07 240 190 40
43.67 39.87 21.88 240 190 40
44.94 39.87 21.48 250 40 60
46.20 39.87 21.06 240 190 40
47.47 39.87 20.78 30 230 140
48.73 39.87 20.77 30 230 140
50.00 39.87 21.05 240 190 40
-50.00 41.14 21.09 250 40 60
-48.73 41.14 21.68 240 190 40
-47.47 41.14 22.14 240 190 40
-46.20 41.14 22.32 30 230 140
-44.94 41.14 22.20 30 230 140
-43.67 41.14 21.88 240 190 40
-42.41 41.14 21.51 240 190 40
-41.14 41.14 21.27 30 230 140
-39.87 41.14 21.28 240 190 40
-38.61 41.14 21.54 250 40 60
-37.34 41.14 21.95 250 40 60
-36.08 41.14 22.35 250 40 60
-34.81 41.14 22.54 240 190 40
-33.54 41.14 22.44 30 230 140
-32.28 41.14 22.03 240 190 40
-31.01 41.14 21.44 250 40 60
-29.75 41.14 20.84 250 40 60
-28.48 41.14 20.42 240 190 40
-27.22 41.14 20.31 30 230 140
-25.95 41.14 20.51 240 190 40
-24.68 41.14 20.91 240 190 40
-23.42 41.14 21.36 240 190 40
-22.15 41.14 21.66 240 190 40
-20.89 41.14 21.71 240 190 40
-19.62 41.14 21.51 240 190 40
-18.35 41.14 21.16 240 190 40
-17.09 41.14 20.84 240 190 40
-15.82 41.14 20.71 30 230 140
-14.56 41.14 20.87 240 190 40
-13.29 41.14 21.30 250 40 60
-12.03 41.14 21.88 250 40 60
-10.76 41.14 22.42 250 40 60
-9.49 41.14 22.75 240 190 40
-8.23 41.14 22.75 240 190 40
-6.96 41.14 22.44 240 190 40
-5.70 41.14 21.93 240 190 40
-4.43 41.14 21.41 240 190 40
-3.16 41.14 21.05 30 230 140
-1.90 41.14 20.97 30 230 140
-0.63 41.14 21.15 240 190 40
0.63 41.14 21.47 240 190 40
1.90 41.14 21.77 30 230 140
3.16 41.14 21.89 30 230 140
4.43 41.14 21.74 240 190 40
5.70 41.14 21.34 250 40 60
6.96 41.14 20.82 250 40 60
8.23 41.14 20.38 250 40 60
9.49 41.14 20.17 240 190 40
10.76 41.14 20.30 240 190 40
12.03 41.14 20.72 240 190 40
13.29 41.14 21.31 250 40 60
14.56 41.14 21.87 240 190 40
15.82 41.14 22.24 30 230 140
17.09 41.14 22.31 30 230 140
18.35 41.14 22.10 240 190 40
19.62 41.14 21.74 240 190 40
20.89 41.14 21.40 240 190 40
22.15 41.14 21.24 240 190 40
23.42 41.14 21.35 240 190 40
24.68 41.14 21.68 250 40 60
25.95 41.14 22.11 250 40 60
27.22 41.14 22.45 240 190 40
28.48 41.14 22.54 30 230 140
29.75 41.14 22.32 240 190 40
31.01 41.14 21.83 250 40 60
32.28 41.14 21.21 250 40 60
33.54 41.14 20.66 240 190 40
34.81 41.14 20.34 240 190 40
36.08 41.14 20.35 30 230 140
37.34 41.14 20.64 240 190 40
38.61 41.14 21.08 240 190 40
39.87 41.14 21.49 240 190 40
41.14 41.14 21.71 240 190 40
42.41 41.14 21.66 240 190 40
43.67 41.14 21.39 250 40 60
44.94 41.14 21.03 240 190 40
46.20 41.14 20.76 240 190 40
47.47 41.14 20.73 30 230 140
48.73 41.14 21.00 240 190 40
50.00 41.14 21.50 250 40 60
-50.00 42.41 21.19 250 40 60
-48.73 42.41 21.79 240 190 40
-47.47 42.41 22.17 30 230 140
-46.20 42.41 22.26 30 230 140
-44.94 42.41 22.09 240 190 40
-43.67 42.41 21.81 240 190 40
-42.41 42.41 21.57 30 230 140
-41.14 42.41 21.54 240 190 40
-39.87 42.41 21.74 240 190 40
-38.61 42.41 22.14 250 40 60
-37.34 42.41 22.56 250 40 60
-36.08 42.41 22.83 240 190 40
-34.81 42.41 22.81 240 190 40
-33.54 42.41 22.45 240 190 40
-32.28 42.41 21.83 250 40 60
-31.01 42.41 21.12 250 40 60
-29.75 42.41 20.52 240 190 40
-28.48 42.41 20.19 30 230 140
-27.22 42.41 20.19 30 230 140
-25.95 42.41 20.47 240 190 40
-24.68 42.41 20.87 240 190 40
-23.42 42.41 21.21 240 190 40
-22.15 42.41 21.36 240 190 40
-20.89 42.41 21.27 240 190 40
-19.62 42.41 21.00 240 190 40
-18.35 42.41 20.70 240 190 40
-17.09 42.41 20.55 30 230 140
-15.82 42.41 20.67 240 190 40
-14.56 42.41 21.10 250 40 60
-13.29 42.41 21.73 250 40 60
-12.03 42.41 22.39 250 40 60
-10.76 42.41 22.90 240 190 40
-9.49 42.41 23.09 30 230 140
-8.23 42.41 22.93 240 190 40
-6.96 42.41 22.50 240 190 40
-5.70 42.41 21.95 240 190 40
-4.43 42.41 21.49 240 190 40
-3.16 42.41 21.24 30 230 140
-1.90 42.41 21.25 240 190 40
-0.63 42.41 21.46 240 190 40
0.63 42.41 21.70 240 190 40
1.90 42.41 21.82 30 230 140
3.16 42.41 21.69 240 190 40
4.43 42.41 21.30 250 40 60
5.70 42.41 20.75 250 40 60
6.96 42.41 20.21 250 40 60
8.23 42.41 19.86 240 190 40
9.49 42.41 19.85 240 190 40
10.76 42.41 20.18 240 190 40
12.03 42.41 20.77 250 40 60
13.29 42.41 21.42 250 40 60
14.56 42.41 21.96 240 190 40
15.82 42.41 22.24 30 230 140
17.09 42.41 22.22 30 230 140
18.35 42.41 21.99 240 190 40
19.62 42.41 21.71 30 230 140
20.89 42.41 21.53 30 230 140
22.15 42.41 21.58 240 190 40
23.42 42.41 21.87 250 40 60
24.68 42.41 22.29 250 40 60
25.95 42.41 22.68 250 40 60
27.22 42.41 22.86 240 190 40
28.48 42.41 22.71 240 190 40
29.75 42.41 22.25 240 190 40
31.01 42.41 21.57 250 40 60
32.28 42.41 20.88 250 40 60
33.54 42.41 20.36 240 190 40
34.81 42.41 20.15 30 230 140
36.08 42.41 20.26 30 230 140
37.34 42.41 20.61 240 190 40
38.61 42.41 21.01 240 190 40
39.87 42.41 21.30 240 190 40
41.14 42.41 21.36 240 190 40
42.41 42.41 21.19 240 190 40
43.67 42.41 20.89 240 190 40
44.94 42.41 20.62 240 190 40
46.20 42.41 20.56 30 230 140
47.47 42.41 20.79 240 190 40
48.73 42.41 21.31 250 40 60
50.00 42.41 21.97 250 40 60
-50.00 43.67 21.29 240 190 40
-48.73 43.67 21.83 240 190 40
-47.47 43.67 22.10 30 230 140
-46.20 43.67 22.10 30 230 140
-44.94 43.67 21.92 30 230 140
-43.67 43.67 21.73 30 230 140
-42.41 43.67 21.68 30 230 140
-41.14 43.67 21.86 240 190 40
-39.87 43.67 22.24 250 40 60
-38.61 43.67 22.71 250 40 60
-37.34 43.67 23.07 240 190 40
-36.08 43.67 23.17 240 190 40
-34.81 43.67 22.92 240 190 40
-33.54 43.67 22.35 250 40 60
-32.28 43.67 21.59 250 40 60
-31.01 43.67 20.85 250 40 60
-29.75 43.67 20.32 240 190 40
-28.48 43.67 20.10 30 230 140
-27.22 43.67 20.20 30 230 140
-25.95 43.67 20.50 240 190 40
-24.68 43.67 20.83 240 190 40
-23.42 43.67 21.03 30 230 140
-22.15 43.67 21.01 240 190 40
-20.89 43.67 20.80 240 190 40
-19.62 43.67 20.51 240 190 40
-18.35 43.67 20.32 240 190 40
-17.09 43.67 20.38 30 230 140
-15.82 43.67 20.75 240 190 40
-14.56 43.67 21.39 250 40 60
-13.29 43.67 22.15 250 40 60
-12.03 43.67 22.82 250 40 60
-10.76 43.67 23.23 240 190 40
-9.49 43.67 23.27 30 230 140
-8.23 43.67 22.98 240 190 40
-6.96 43.67 22.49 240 190 40
-5.70 43.67 21.98 240 190 40
-4.43 43.67 21.62 240 190 40
-3.16 43.67 21.50 240 190 40
-1.90 43.67 21.59 240 190 40
-0.63 43.67 21.78 240 190 40
0.63 43.67 21.90 30 230 140
1.90 43.67 21.79 30 230 140
3.16 43.67 21.42 240 190 40
4.43 43.67 20.84 250 40 60
5.70 43.67 20.20 250 40 60
6.96 43.67 19.70 240 190 40
8.23 43.67 19.50 30 230 140
9.49 43.67 19.69 240 190 40
10.76 43.67 20.19 250 40 60
12.03 43.67 20.87 250 40 60
13.29 43.67 21.51 240 190 40
14.56 43.67 21.96 240 190 40
15.82 43.67 22.13 30 230 140
17.09 43.67 22.05 30 230 140
18.35 43.67 21.85 30 230 140
19.62 43.67 21.69 30 230 140
20.89 43.67 21.72 30 230 140
22.15 43.67 21.98 240 190 40
23.42 43.67 22.41 250 40 60
24.68 43.67 22.86 250 40 60
25.95 43.67 23.15 240 190 40
27.22 43.67 23.12 240 190 40
28.48 43.67 22.74 240 190 40
29.75 43.67 22.08 250 40 60
31.01 43.67 21.31 250 40 60
32.28 43.67 20.62 250 40 60
33.54 43.67 20.20 240 190 40
34.81 43.67 20.11 30 230 140
36.08 43.67 20.30 240 190 40
37.34 43.67 20.63 240 190 40
38.61 43.67 20.93 30 230 140
39.87 43.67 21.05 30 230 140
41.14 43.67 20.95 240 190 40
42.41 43.67 20.69 240 190 40
43.67 43.67 20.42 240 190 40
44.94 43.67 20.30 30 230 140
46.20 43.67 20.48 240 190 40
47.47 43.67 20.96 250 40 60
48.73 43.67 21.66 250 40 60
50.00 43.67 22.41 250 40 60
-50.00 44.94 21.37 240 190 40
-48.73 44.94 21.79 240 190 40
-47.47 44.94 21.94 30 230 140
-46.20 44.94 21.87 240 190 40
-44.94 44.94 21.73 30 230 140
-43.67 44.94 21.68 30 230 140
-42.41 44.94 21.83 240 190 40
-41.14 44.94 22.21 240 190 40
-39.87 44.94 22.72 250 40 60
-38.61 44.94 23.20 240 190 40
-37.34 44.94 23.45 240 190 40
-36.08 44.94 23.35 240 190 40
-34.81 44.94 22.89 250 40 60
-33.54 44.94 22.16 250 40 60
-32.28 44.94 21.35 250 40 60
-31.01 44.94 20.66 240 190 40
-29.75 44.94 20.25 30 230 140
-28.48 44.94 20.16 30 230 140
-27.22 44.94 20.32 240 190 40
-25.95 44.94 20.60 30 230 140
-24.68 44.94 20.80 30 230 140
-23.42 44.94 20.82 30 230 140
-22.15 44.94 20.64 240 190 40
-20.89 44.94 20.34 240 190 40
-19.62 44.94 20.09 240 190 40
-18.35 44.94 20.05 30 230 140
-17.09 44.94 20.33 240 190 40
-15.82 44.94 20.93 250 40 60
-14.56 44.94 21.72 250 40 60
-13.29 44.94 22.52 250 40 60
-12.03 44.94 23.12 240 190 40
-10.76 44.94 23.38 30 230 140
-9.49 44.94 23.28 30 230 140
-8.23 44.94 22.90 240 190 40
-6.96 44.94 22.42 240 190 40
-5.70 44.94 22.01 240 190 40
-4.43 44.94 21.80 30 230 140
-3.16 44.94 21.81 240 190 40
-1.90 44.94 21.96 240 190 40
-0.63 44.94 22.08 30 230 140
0.63 44.94 22.02 30 230 140
1.90 44.94 21.68 240 190 40
3.16 44.94 21.10 250 40 60
4.43 44.94 20.39 250 40 60
5.70 44.94 19.74 250 40 60
6.96 44.94 19.35 240 190 40
8.23 44.94 19.33 30 230 140
9.49 44.94 19.69 240 190 40
10.76 44.94 20.30 250 40 60
12.03 44.94 20.99 250 40 60
13.29 44.94 21.55 240 190 40
14.56 44.94 21.87 30 230 140
15.82 44.94 21.93 30 230 140
17.09 44.94 21.82 240 190 40
18.35 44.94 21.69 30 230 140
19.62 44.94 21.71 30 230 140
20.89 44.94 21.95 240 190 40
22.15 44.94 22.39 250 40 60
23.42 44.94 22.91 250 40 60
24.68 44.94 23.32 240 190 40
25.95 44.94 23.46 30 230 140
27.22 44.94 23.22 240 190 40
28.48 44.94 22.65 250 40 60
29.75 44.94 21.86 250 40 60
31.01 44.94 21.07 250 40 60
32.28 44.94 20.47 240 190 40
33.54 44.94 20.18 30 230 140
34.81 44.94 20.19 30 230 140
36.08 44.94 20.42 240 190 40
37.34 44.94 20.69 30 230 140
38.61 44.94 20.83 30 230 140
39.87 44.94 20.78 240 190 40
41.14 44.94 20.54 240 190 40
42.41 44.94 20.23 240 190 40
43.67 44.94 20.04 240 190 40
44.94 44.94 20.11 30 230 140
46.20 44.94 20.51 240 190 40
47.47 44.94 21.20 250 40 60
48.73 44.94 22.02 250 40 60
50.00 44.94 22.77 250 40 60
-50.00 46.20 21.40 30 230 140
-48.73 46.20 21.67 30 230 140
-47.47 46.20 21.69 30 230 140
-46.20 46.20 21.60 240 190 40
-44.94 46.20 21.54 30 230 140
-43.67 46.20 21.66 30 230 140
-42.41 46.20 22.02 240 190 40
-41.14 46.20 22.56 250 40 60
-39.87 46.20 23.13 250 40 60
-38.61 46.20 23.55 240 190 40
-37.34 46.20 23.64 30 230 140
-36.08 46.20 23.35 240 190 40
-34.81 46.20 22.72 250 40 60
-33.54 46.20 21.92 250 40 60
-32.28 46.20 21.14 250 40 60
-31.01 46.20 20.57 240 190 40
-29.75 46.20 20.31 30 230 140
-28.48 46.20 20.34 30 230 140
-27.22 46.20 20.53 240 190 40
-25.95 46.20 20.71 30 230 140
-24.68 46.20 20.75 30 230 140
-23.42 46.20 20.59 240 190 40
-22.15 46.20 20.27 240 190 40
-20.89 46.20 19.95 240 190 40
-19.62 46.20 19.78 30 230 140
-18.35 46.20 19.92 240 190 40
-17.09 46.20 20.41 250 40 60
-15.82 46.20 21.18 250 40 60
-14.56 46.20 22.04 250 40 60
-13.29 46.20 22.79 250 40 60
-12.03 46.20 23.26 240 190 40
-10.76 46.20 23.36 30 230 140
-9.49 46.20 23.14 240 190 40
-8.23 46.20 22.73 240 190 40
-6.96 46.20 22.33 240 190 40
-5.70 46.20 22.07 30 230 140
-4.43 46.20 22.03 30 230 140
-3.16 46.20 22.14 240 190 40
-1.90 46.20 22.29 240 190 40
-0.63 46.20 22.30 30 230 140
0.63 46.20 22.04 240 190 40
1.90 46.20 21.50 250 40 60
3.16 46.20 20.77 250 40 60
4.43 46.20 20.01 250 40 60
5.70 46.20 19.43 240 190 40
6.96 46.20 19.20 30 230 140
8.23 46.20 19.36 240 190 40
9.49 46.20 19.84 250 40 60
10.76 46.20 20.49 250 40 60
12.03 46.20 21.10 240 190 40
13.29 46.20 21.53 240 190 40
14.56 46.20 21.70 30 230 140
15.82 46.20 21.67 240 190 40
17.09 46.20 21.57 30 230 140
18.35 46.20 21.56 30 230 140
19.62 46.20 21.77 240 190 40
20.89 46.20 22.20 240 190 40
22.15 46.20 22.77 250 40 60
23.42 46.20 23.31 240 190 40
24.68 46.20 23.62 30 230 140
25.95 46.20 23.58 30 230 140
27.22 46.20 23.15 250 40 60
28.48 46.20 22.44 250 40 60
29.75 46.20 21.62 250 40 60
31.01 46.20 20.90 250 40 60
32.28 46.20 20.44 240 190 40
33.54 46.20 20.29 30 230 140
34.81 46.20 20.39 240 190 40
36.08 46.20 20.60 30 230 140
37.34 46.20 20.75 30 230 140
38.61 46.20 20.72 30 230 140
39.87 46.20 20.49 240 190 40
41.14 46.20 20.15 240 190 40
42.41 46.20 19.86 240 190 40
43.67 46.20 19.79 30 230 140
44.94 46.20 20.06 240 190 40
46.20 46.20 20.67 250 40 60
47.47 46.20 21.49 250 40 60
48.73 46.20 22.33 250 40 60
50.00 46.20 23.00 250 40 60
-50.00 47.47 21.38 30 230 140
-48.73 47.47 21.48 30 230 140
-47.47 47.47 21.41 240 190 40
-46.20 47.47 21.33 30 230 140
-44.94 47.47 21.40 30 230 140
-43.67 47.47 21.70 240 190 40
-42.41 47.47 22.23 250 40 60
-41.14 47.47 22.86 250 40 60
-39.87 47.47 23.42 240 190 40
-38.61 47.47 23.72 30 230 140
-37.34 47.47 23.63 240 190 40
-36.08 47.47 23.17 250 40 60
-34.81 47.47 22.45 250 40 60
-33.54 47.47 21.66 250 40 60
-32.28 47.47 21.00 240 190 40
-31.01 47.47 20.60 30 230 140
-29.75 47.47 20.50 30 230 140
-28.48 47.47 20.61 240 190 40
-27.22 47.47 20.77 240 190 40
-25.95 47.47 20.83 30 230 140
-24.68 47.47 20.69 30 230 140
-23.42 47.47 20.37 240 190 40
-22.15 47.47 19.97 240 190 40
-20.89 47.47 19.67 30 230 140
-19.62 47.47 19.64 30 230 140
-18.35 47.47 19.96 240 190 40
-17.09 47.47 20.62 250 40 60
-15.82 47.47 21.46 250 40 60
-14.56 47.47 22.30 250 40 60
-13.29 47.47 22.93 240 190 40
-12.03 47.47 23.22 30 230 140
-10.76 47.47 23.17 240 190 40
-9.49 47.47 22.87 240 190 40
-8.23 47.47 22.50 240 190 40
-6.96 47.47 22.23 30 230 140
-5.70 47.47 22.15 30 230 140
-4.43 47.47 22.26 240 190 40
-3.16 47.47 22.45 240 190 40
-1.90 47.47 22.55 30 230 140
-0.63 47.47 22.41 240 190 40
0.63 47.47 21.97 240 190 40
1.90 47.47 21.28 250 40 60
3.16 47.47 20.46 250 40 60
4.43 47.47 19.74 250 40 60
5.70 47.47 19.30 30 230 140
6.96 47.47 19.25 30 230 140
8.23 47.47 19.56 240 190 40
9.49 47.47 20.11 250 40 60
10.76 47.47 20.71 250 40 60
12.03 47.47 21.19 240 190 40
13.29 47.47 21.44 30 230 140
14.56 47.47 21.46 30 230 140
15.82 47.47 21.38 240 190 40
17.09 47.47 21.33 30 230 140
18.35 47.47 21.48 240 190 40
19.62 47.47 21.87 240 190 40
20.89 47.47 22.45 250 40 60
22.15 47.47 23.09 250 40 60
23.42 47.47 23.57 240 190 40
24.68 47.47 23.73 30 230 140
25.95 47.47 23.51 240 190 40
27.22 47.47 22.93 250 40 60
28.48 47.47 22.16 250 40 60
29.75 47.47 21.39 250 40 60
31.01 47.47 20.82 240 190 40
32.28 47.47 20.53 30 230 140
33.54 47.47 20.52 240 190 40
34.81 47.47 20.67 240 190 40
36.08 47.47 20.81 30 230 140
37.34 47.47 20.81 30 230 140
38.61 47.47 20.59 240 190 40
39.87 47.47 20.22 240 190 40
41.14 47.47 19.84 240 190 40
42.41 47.47 19.62 30 230 140
43.67 47.47 19.71 240 190 40
44.94 47.47 20.16 250 40 60
46.20 47.47 20.91 250 40 60
47.47 47.47 21.78 250 40 60
48.73 47.47 22.56 250 40 60
50.00 47.47 23.08 240 190 40
-50.00 48.73 21.30 30 230 140
-48.73 48.73 21.24 30 230 140
-47.47 48.73 21.13 240 190 40
-46.20 48.73 21.11 30 230 140
-44.94 48.73 21.31 240 190 40
-43.67 48.73 21.78 240 190 40
-42.41 48.73 22.42 250 40 60
-41.14 48.73 23.08 250 40 60
-39.87 48.73 23.56 240 190 40
-38.61 48.73 23.69 30 230 140
-37.34 48.73 23.43 240 190 40
-36.08 48.73 22.85 250 40 60
-34.81 48.73 22.11 250 40 60
-33.54 48.73 21.42 250 40 60
-32.28 48.73 20.94 240 190 40
-31.01 48.73 20.75 30 230 140
-29.75 48.73 20.79 240 190 40
-28.48 48.73 20.94 240 190 40
-27.22 48.73 21.03 30 230 140
-25.95 48.73 20.93 30 230 140
-24.68 48.73 20.62 240 190 40
-23.42 48.73 20.18 240 190 40
-22.15 48.73 19.75 240 190 40
-20.89 48.73 19.54 30 230 140
-19.62 48.73 19.66 240 190 40
-18.35 48.73 20.15 250 40 60
-17.09 48.73 20.91 250 40 60
-15.82 48.73 21.75 250 40 60
-14.56 48.73 22.47 250 40 60
-13.29 48.73 22.91 240 190 40
-12.03 48.73 23.01 240 190 40
-10.76 48.73 22.83 240 190 40
-9.49 48.73 22.52 240 190 40
-8.23 48.73 22.24 240 190 40
-6.96 48.73 22.14 30 230 140
-5.70 48.73 22.24 30 230 140
-4.43 48.73 22.48 240 190 40
-3.16 48.73 22.68 30 230 140
-1.90 48.73 22.70 30 230 140
-0.63 48.73 22.41 240 190 40
0.63 48.73 21.82 250 40 60
1.90 48.73 21.03 250 40 60
3.16 48.73 20.23 250 40 60
4.43 48.73 19.63 240 190 40
5.70 48.73 19.37 30 230 140
6.96 48.73 19.50 240 190 40
8.23 48.73 19.91 250 40 60
9.49 48.73 20.46 250 40 60
10.76 48.73 20.94 240 190 40
12.03 48.73 21.23 30 230 140
13.29 48.73 21.30 30 230 140
14.56 48.73 21.20 240 190 40
15.82 48.73 21.10 30 230 140
17.09 48.73 21.15 30 230 140
18.35 48.73 21.45 240 190 40
19.62 48.73 22.00 250 40 60
20.89 48.73 22.67 250 40 60
22.15 48.73 23.28 240 190 40
23.42 48.73 23.65 30 230 140
24.68 48.73 23.64 240 190 40
25.95 48.73 23.25 250 40 60
27.22 48.73 22.59 250 40 60
28.48 48.73 21.85 250 40 60
29.75 48.73 21.22 240 190 40
31.01 48.73 20.84 30 230 140
32.28 48.73 20.74 30 230 140
33.54 48.73 20.84 240 190 40
34.81 48.73 20.99 240 190 40
36.08 48.73 21.02 30 230 140
37.34 48.73 20.84 240 190 40
38.61 48.73 20.47 240 190 40
39.87 48.73 20.01 240 190 40
41.14 48.73 19.64 30 230 140
42.41 48.73 19.54 30 230 140
43.67 48.73 19.80 240 190 40
44.94 48.73 20.40 250 40 60
46.20 48.73 21.21 250 40 60
47.47 48.73 22.04 250 40 60
48.73 48.73 22.67 240 190 40
50.00 48.73 22.99 240 190 40
-50.00 50.00 21.18 30 230 140
-48.73 50.00 21.01 240 190 40
-47.47 50.00 20.88 30 230 140
-46.20 50.00 20.95 30 230 140
-44.94 50.00 21.30 240 190 40
-43.67 50.00 21.88 250 40 60
-42.41 50.00 22.58 250 40 60
-41.14 50.00 23.18 240 190 40
-39.87 50.00 23.50 30 230 140
-38.61 50.00 23.46 240 190 40
-37.34 50.00 23.06 250 40 60
-36.08 50.00 22.43 250 40 60
-34.81 50.00 21.76 250 40 60
-33.54 50.00 21.24 240 190 40
-32.28 50.00 20.98 30 230 140
-31.01 50.00 20.99 30 230 140
-29.75 50.00 21.14 240 190 40
-28.48 50.00 21.28 240 190 40
-27.22 50.00 21.26 240 190 40
-25.95 50.00 21.01 240 190 40
-24.68 50.00 20.56 240 190 40
-23.42 50.00 20.05 240 190 40
-22.15 50.00 19.67 30 230 140
-20.89 50.00 19.59 30 230 140
-19.62 50.00 19.86 240 190 40
-18.35 50.00 20.47 250 40 60
-17.09 50.00 21.24 250 40 60
-15.82 50.00 21.99 250 40 60
-14.56 50.00 22.53 240 190 40
-13.29 50.00 22.74 30 230 140
-12.03 50.00 22.66 240 190 40
-10.76 50.00 22.40 240 190 40
-9.49 50.00 22.12 240 190 40
-8.23 50.00 21.99 30 230 140
-6.96 50.00 22.07 30 230 140
-5.70 50.00 22.33 240 190 40
-4.43 50.00 22.64 240 190 40
-3.16 50.00 22.81 30 230 140
-1.90 50.00 22.71 30 230 140
-0.63 50.00 22.29 240 190 40
0.63 50.00 21.60 250 40 60
1.90 50.00 20.80 250 40 60
3.16 50.00 20.10 240 190 40
4.43 50.00 19.69 30 230 140
5.70 50.00 19.64 240 190 40
6.96 50.00 19.91 240 190 40
8.23 50.00 20.37 250 40 60
9.49 50.00 20.84 240 190 40
10.76 50.00 21.15 240 190 40
12.03 50.00 21.23 30 230 140
13.29 50.00 21.12 30 230 140
14.56 50.00 20.95 240 190 40
15.82 50.00 20.88 30 230 140
17.09 50.00 21.05 240 190 40
18.35 50.00 21.49 240 190 40
19.62 50.00 22.13 250 40 60
20.89 50.00 22.82 250 40 60
22.15 50.00 23.34 240 190 40
23.42 50.00 23.53 30 230 140
24.68 50.00 23.35 240 190 40
25.95 50.00 22.84 250 40 60
27.22 50.00 22.18 250 40 60
28.48 50.00 21.55 250 40 60
29.75 50.00 21.12 240 190 40
31.01 50.00 20.96 30 230 140
32.28 50.00 21.03 240 190 40
33.54 50.00 21.20 240 190 40
34.81 50.00 21.30 240 190 40
36.08 50.00 21.19 240 190 40
37.34 50.00 20.86 240 190 40
38.61 50.00 20.37 240 190 40
39.87 50.00 19.89 240 190 40
41.14 50.00 19.60 30 230 140
42.41 50.00 19.64 30 230 140
43.67 50.00 20.05 250 40 60
44.94 50.00 20.74 250 40 60
46.20 50.00 21.53 250 40 60
47.47 50.00 22.22 250 40 60
48.73 50.00 22.64 30 230 140
50.00 50.00 22.75 30 230 140
